target_gene,batch,cell_n
AKT2,Flex_1_01,24
AKT2,Flex_1_02,20
AKT2,Flex_1_03,18
AKT2,Flex_1_04,13
AKT2,Flex_1_05,19
AKT2,Flex_1_06,17
AKT2,Flex_1_07,13
AKT2,Flex_1_08,17
AKT2,Flex_1_09,15
AKT2,Flex_1_10,27
AKT2,Flex_1_11,12
AKT2,Flex_1_12,27
AKT2,Flex_1_13,19
AKT2,Flex_1_14,15
AKT2,Flex_1_15,14
AKT2,Flex_1_16,18
AKT2,Flex_2_01,21
AKT2,Flex_2_02,20
AKT2,Flex_2_03,26
AKT2,Flex_2_04,23
AKT2,Flex_2_05,15
AKT2,Flex_2_06,23
AKT2,Flex_2_07,20
AKT2,Flex_2_08,20
AKT2,Flex_2_09,23
AKT2,Flex_2_10,14
AKT2,Flex_2_11,17
AKT2,Flex_2_12,16
AKT2,Flex_2_13,18
AKT2,Flex_2_14,22
AKT2,Flex_2_15,17
AKT2,Flex_2_16,20
AKT2,Flex_3_01,19
AKT2,Flex_3_02,16
AKT2,Flex_3_03,25
AKT2,Flex_3_04,25
AKT2,Flex_3_05,29
AKT2,Flex_3_06,26
AKT2,Flex_3_07,27
AKT2,Flex_3_08,20
AKT2,Flex_3_09,19
AKT2,Flex_3_10,10
AKT2,Flex_3_11,17
AKT2,Flex_3_12,23
AKT2,Flex_3_13,28
AKT2,Flex_3_14,18
AKT2,Flex_3_15,20
AKT2,Flex_3_16,13
ARID1A,Flex_1_01,23
ARID1A,Flex_1_02,24
ARID1A,Flex_1_03,32
ARID1A,Flex_1_04,36
ARID1A,Flex_1_05,16
ARID1A,Flex_1_06,30
ARID1A,Flex_1_07,19
ARID1A,Flex_1_08,33
ARID1A,Flex_1_09,20
ARID1A,Flex_1_10,25
ARID1A,Flex_1_11,25
ARID1A,Flex_1_12,27
ARID1A,Flex_1_13,29
ARID1A,Flex_1_14,30
ARID1A,Flex_1_15,22
ARID1A,Flex_1_16,32
ARID1A,Flex_2_01,17
ARID1A,Flex_2_02,27
ARID1A,Flex_2_03,26
ARID1A,Flex_2_04,22
ARID1A,Flex_2_05,19
ARID1A,Flex_2_06,22
ARID1A,Flex_2_07,28
ARID1A,Flex_2_08,26
ARID1A,Flex_2_09,27
ARID1A,Flex_2_10,31
ARID1A,Flex_2_11,28
ARID1A,Flex_2_12,32
ARID1A,Flex_2_13,29
ARID1A,Flex_2_14,20
ARID1A,Flex_2_15,25
ARID1A,Flex_2_16,24
ARID1A,Flex_3_01,28
ARID1A,Flex_3_02,37
ARID1A,Flex_3_03,22
ARID1A,Flex_3_04,24
ARID1A,Flex_3_05,28
ARID1A,Flex_3_06,34
ARID1A,Flex_3_07,26
ARID1A,Flex_3_08,34
ARID1A,Flex_3_09,18
ARID1A,Flex_3_10,20
ARID1A,Flex_3_11,27
ARID1A,Flex_3_12,24
ARID1A,Flex_3_13,19
ARID1A,Flex_3_14,23
ARID1A,Flex_3_15,33
ARID1A,Flex_3_16,33
ATM,Flex_1_01,8
ATM,Flex_1_02,10
ATM,Flex_1_03,8
ATM,Flex_1_04,5
ATM,Flex_1_05,13
ATM,Flex_1_06,9
ATM,Flex_1_07,12
ATM,Flex_1_08,10
ATM,Flex_1_09,8
ATM,Flex_1_10,8
ATM,Flex_1_11,10
ATM,Flex_1_12,6
ATM,Flex_1_13,11
ATM,Flex_1_14,10
ATM,Flex_1_15,18
ATM,Flex_1_16,8
ATM,Flex_2_01,13
ATM,Flex_2_02,7
ATM,Flex_2_03,10
ATM,Flex_2_04,14
ATM,Flex_2_05,13
ATM,Flex_2_06,7
ATM,Flex_2_07,5
ATM,Flex_2_08,11
ATM,Flex_2_09,2
ATM,Flex_2_10,11
ATM,Flex_2_11,7
ATM,Flex_2_12,6
ATM,Flex_2_13,6
ATM,Flex_2_14,11
ATM,Flex_2_15,5
ATM,Flex_2_16,11
ATM,Flex_3_01,9
ATM,Flex_3_02,9
ATM,Flex_3_03,10
ATM,Flex_3_04,11
ATM,Flex_3_05,10
ATM,Flex_3_06,17
ATM,Flex_3_07,14
ATM,Flex_3_08,7
ATM,Flex_3_09,8
ATM,Flex_3_10,13
ATM,Flex_3_11,9
ATM,Flex_3_12,11
ATM,Flex_3_13,7
ATM,Flex_3_14,7
ATM,Flex_3_15,6
ATM,Flex_3_16,14
CALM3,Flex_1_01,12
CALM3,Flex_1_02,18
CALM3,Flex_1_03,6
CALM3,Flex_1_04,14
CALM3,Flex_1_05,19
CALM3,Flex_1_06,17
CALM3,Flex_1_07,11
CALM3,Flex_1_08,12
CALM3,Flex_1_09,15
CALM3,Flex_1_10,19
CALM3,Flex_1_11,10
CALM3,Flex_1_12,17
CALM3,Flex_1_13,22
CALM3,Flex_1_14,13
CALM3,Flex_1_15,13
CALM3,Flex_1_16,22
CALM3,Flex_2_01,14
CALM3,Flex_2_02,8
CALM3,Flex_2_03,17
CALM3,Flex_2_04,12
CALM3,Flex_2_05,13
CALM3,Flex_2_06,11
CALM3,Flex_2_07,11
CALM3,Flex_2_08,13
CALM3,Flex_2_09,10
CALM3,Flex_2_10,7
CALM3,Flex_2_11,14
CALM3,Flex_2_12,7
CALM3,Flex_2_13,10
CALM3,Flex_2_14,18
CALM3,Flex_2_15,13
CALM3,Flex_2_16,18
CALM3,Flex_3_01,20
CALM3,Flex_3_02,14
CALM3,Flex_3_03,9
CALM3,Flex_3_04,19
CALM3,Flex_3_05,14
CALM3,Flex_3_06,16
CALM3,Flex_3_07,24
CALM3,Flex_3_08,18
CALM3,Flex_3_09,17
CALM3,Flex_3_10,18
CALM3,Flex_3_11,17
CALM3,Flex_3_12,5
CALM3,Flex_3_13,14
CALM3,Flex_3_14,12
CALM3,Flex_3_15,18
CALM3,Flex_3_16,10
CAMSAP2,Flex_1_01,34
CAMSAP2,Flex_1_02,27
CAMSAP2,Flex_1_03,26
CAMSAP2,Flex_1_04,37
CAMSAP2,Flex_1_05,41
CAMSAP2,Flex_1_06,27
CAMSAP2,Flex_1_07,28
CAMSAP2,Flex_1_08,33
CAMSAP2,Flex_1_09,45
CAMSAP2,Flex_1_10,46
CAMSAP2,Flex_1_11,36
CAMSAP2,Flex_1_12,34
CAMSAP2,Flex_1_13,49
CAMSAP2,Flex_1_14,31
CAMSAP2,Flex_1_15,38
CAMSAP2,Flex_1_16,37
CAMSAP2,Flex_2_01,27
CAMSAP2,Flex_2_02,29
CAMSAP2,Flex_2_03,31
CAMSAP2,Flex_2_04,35
CAMSAP2,Flex_2_05,35
CAMSAP2,Flex_2_06,31
CAMSAP2,Flex_2_07,40
CAMSAP2,Flex_2_08,41
CAMSAP2,Flex_2_09,35
CAMSAP2,Flex_2_10,41
CAMSAP2,Flex_2_11,46
CAMSAP2,Flex_2_12,31
CAMSAP2,Flex_2_13,41
CAMSAP2,Flex_2_14,30
CAMSAP2,Flex_2_15,32
CAMSAP2,Flex_2_16,33
CAMSAP2,Flex_3_01,36
CAMSAP2,Flex_3_02,44
CAMSAP2,Flex_3_03,46
CAMSAP2,Flex_3_04,31
CAMSAP2,Flex_3_05,37
CAMSAP2,Flex_3_06,42
CAMSAP2,Flex_3_07,38
CAMSAP2,Flex_3_08,37
CAMSAP2,Flex_3_09,25
CAMSAP2,Flex_3_10,39
CAMSAP2,Flex_3_11,53
CAMSAP2,Flex_3_12,34
CAMSAP2,Flex_3_13,45
CAMSAP2,Flex_3_14,38
CAMSAP2,Flex_3_15,39
CAMSAP2,Flex_3_16,39
CASP2,Flex_1_01,27
CASP2,Flex_1_02,34
CASP2,Flex_1_03,32
CASP2,Flex_1_04,36
CASP2,Flex_1_05,37
CASP2,Flex_1_06,35
CASP2,Flex_1_07,41
CASP2,Flex_1_08,37
CASP2,Flex_1_09,24
CASP2,Flex_1_10,33
CASP2,Flex_1_11,40
CASP2,Flex_1_12,40
CASP2,Flex_1_13,38
CASP2,Flex_1_14,27
CASP2,Flex_1_15,38
CASP2,Flex_1_16,19
CASP2,Flex_2_01,31
CASP2,Flex_2_02,30
CASP2,Flex_2_03,35
CASP2,Flex_2_04,29
CASP2,Flex_2_05,27
CASP2,Flex_2_06,31
CASP2,Flex_2_07,30
CASP2,Flex_2_08,35
CASP2,Flex_2_09,36
CASP2,Flex_2_10,41
CASP2,Flex_2_11,25
CASP2,Flex_2_12,40
CASP2,Flex_2_13,38
CASP2,Flex_2_14,32
CASP2,Flex_2_15,16
CASP2,Flex_2_16,33
CASP2,Flex_3_01,33
CASP2,Flex_3_02,33
CASP2,Flex_3_03,30
CASP2,Flex_3_04,31
CASP2,Flex_3_05,42
CASP2,Flex_3_06,41
CASP2,Flex_3_07,28
CASP2,Flex_3_08,40
CASP2,Flex_3_09,38
CASP2,Flex_3_10,37
CASP2,Flex_3_11,36
CASP2,Flex_3_12,43
CASP2,Flex_3_13,32
CASP2,Flex_3_14,15
CASP2,Flex_3_15,31
CASP2,Flex_3_16,33
CASP3,Flex_1_01,26
CASP3,Flex_1_02,18
CASP3,Flex_1_03,17
CASP3,Flex_1_04,19
CASP3,Flex_1_05,22
CASP3,Flex_1_06,27
CASP3,Flex_1_07,17
CASP3,Flex_1_08,28
CASP3,Flex_1_09,25
CASP3,Flex_1_10,23
CASP3,Flex_1_11,23
CASP3,Flex_1_12,13
CASP3,Flex_1_13,25
CASP3,Flex_1_14,24
CASP3,Flex_1_15,18
CASP3,Flex_1_16,19
CASP3,Flex_2_01,17
CASP3,Flex_2_02,23
CASP3,Flex_2_03,22
CASP3,Flex_2_04,18
CASP3,Flex_2_05,19
CASP3,Flex_2_06,34
CASP3,Flex_2_07,25
CASP3,Flex_2_08,27
CASP3,Flex_2_09,18
CASP3,Flex_2_10,23
CASP3,Flex_2_11,18
CASP3,Flex_2_12,20
CASP3,Flex_2_13,14
CASP3,Flex_2_14,21
CASP3,Flex_2_15,26
CASP3,Flex_2_16,22
CASP3,Flex_3_01,23
CASP3,Flex_3_02,18
CASP3,Flex_3_03,20
CASP3,Flex_3_04,25
CASP3,Flex_3_05,21
CASP3,Flex_3_06,29
CASP3,Flex_3_07,17
CASP3,Flex_3_08,28
CASP3,Flex_3_09,20
CASP3,Flex_3_10,20
CASP3,Flex_3_11,24
CASP3,Flex_3_12,17
CASP3,Flex_3_13,25
CASP3,Flex_3_14,19
CASP3,Flex_3_15,22
CASP3,Flex_3_16,18
CAST,Flex_1_01,40
CAST,Flex_1_02,51
CAST,Flex_1_03,56
CAST,Flex_1_04,48
CAST,Flex_1_05,33
CAST,Flex_1_06,48
CAST,Flex_1_07,37
CAST,Flex_1_08,46
CAST,Flex_1_09,33
CAST,Flex_1_10,35
CAST,Flex_1_11,46
CAST,Flex_1_12,41
CAST,Flex_1_13,51
CAST,Flex_1_14,41
CAST,Flex_1_15,50
CAST,Flex_1_16,42
CAST,Flex_2_01,65
CAST,Flex_2_02,38
CAST,Flex_2_03,35
CAST,Flex_2_04,33
CAST,Flex_2_05,42
CAST,Flex_2_06,55
CAST,Flex_2_07,47
CAST,Flex_2_08,42
CAST,Flex_2_09,47
CAST,Flex_2_10,46
CAST,Flex_2_11,46
CAST,Flex_2_12,48
CAST,Flex_2_13,46
CAST,Flex_2_14,40
CAST,Flex_2_15,52
CAST,Flex_2_16,37
CAST,Flex_3_01,49
CAST,Flex_3_02,53
CAST,Flex_3_03,44
CAST,Flex_3_04,48
CAST,Flex_3_05,61
CAST,Flex_3_06,52
CAST,Flex_3_07,57
CAST,Flex_3_08,47
CAST,Flex_3_09,60
CAST,Flex_3_10,48
CAST,Flex_3_11,58
CAST,Flex_3_12,52
CAST,Flex_3_13,52
CAST,Flex_3_14,44
CAST,Flex_3_15,55
CAST,Flex_3_16,55
CDCA2,Flex_1_01,39
CDCA2,Flex_1_02,31
CDCA2,Flex_1_03,36
CDCA2,Flex_1_04,33
CDCA2,Flex_1_05,31
CDCA2,Flex_1_06,24
CDCA2,Flex_1_07,26
CDCA2,Flex_1_08,41
CDCA2,Flex_1_09,38
CDCA2,Flex_1_10,36
CDCA2,Flex_1_11,35
CDCA2,Flex_1_12,31
CDCA2,Flex_1_13,25
CDCA2,Flex_1_14,32
CDCA2,Flex_1_15,47
CDCA2,Flex_1_16,35
CDCA2,Flex_2_01,40
CDCA2,Flex_2_02,25
CDCA2,Flex_2_03,34
CDCA2,Flex_2_04,43
CDCA2,Flex_2_05,41
CDCA2,Flex_2_06,48
CDCA2,Flex_2_07,33
CDCA2,Flex_2_08,35
CDCA2,Flex_2_09,22
CDCA2,Flex_2_10,28
CDCA2,Flex_2_11,31
CDCA2,Flex_2_12,28
CDCA2,Flex_2_13,36
CDCA2,Flex_2_14,38
CDCA2,Flex_2_15,35
CDCA2,Flex_2_16,24
CDCA2,Flex_3_01,38
CDCA2,Flex_3_02,34
CDCA2,Flex_3_03,42
CDCA2,Flex_3_04,31
CDCA2,Flex_3_05,45
CDCA2,Flex_3_06,40
CDCA2,Flex_3_07,42
CDCA2,Flex_3_08,29
CDCA2,Flex_3_09,43
CDCA2,Flex_3_10,53
CDCA2,Flex_3_11,40
CDCA2,Flex_3_12,45
CDCA2,Flex_3_13,34
CDCA2,Flex_3_14,40
CDCA2,Flex_3_15,31
CDCA2,Flex_3_16,49
CLDN6,Flex_1_01,15
CLDN6,Flex_1_02,11
CLDN6,Flex_1_03,19
CLDN6,Flex_1_04,14
CLDN6,Flex_1_05,11
CLDN6,Flex_1_06,15
CLDN6,Flex_1_07,17
CLDN6,Flex_1_08,16
CLDN6,Flex_1_09,15
CLDN6,Flex_1_10,19
CLDN6,Flex_1_11,18
CLDN6,Flex_1_12,15
CLDN6,Flex_1_13,14
CLDN6,Flex_1_14,24
CLDN6,Flex_1_15,12
CLDN6,Flex_1_16,13
CLDN6,Flex_2_01,16
CLDN6,Flex_2_02,15
CLDN6,Flex_2_03,24
CLDN6,Flex_2_04,23
CLDN6,Flex_2_05,21
CLDN6,Flex_2_06,20
CLDN6,Flex_2_07,21
CLDN6,Flex_2_08,21
CLDN6,Flex_2_09,25
CLDN6,Flex_2_10,23
CLDN6,Flex_2_11,15
CLDN6,Flex_2_12,18
CLDN6,Flex_2_13,17
CLDN6,Flex_2_14,15
CLDN6,Flex_2_15,22
CLDN6,Flex_2_16,16
CLDN6,Flex_3_01,15
CLDN6,Flex_3_02,20
CLDN6,Flex_3_03,23
CLDN6,Flex_3_04,21
CLDN6,Flex_3_05,22
CLDN6,Flex_3_06,16
CLDN6,Flex_3_07,16
CLDN6,Flex_3_08,16
CLDN6,Flex_3_09,22
CLDN6,Flex_3_10,15
CLDN6,Flex_3_11,21
CLDN6,Flex_3_12,23
CLDN6,Flex_3_13,17
CLDN6,Flex_3_14,27
CLDN6,Flex_3_15,17
CLDN6,Flex_3_16,13
DLG5,Flex_1_01,16
DLG5,Flex_1_02,24
DLG5,Flex_1_03,11
DLG5,Flex_1_04,13
DLG5,Flex_1_05,16
DLG5,Flex_1_06,6
DLG5,Flex_1_07,17
DLG5,Flex_1_08,15
DLG5,Flex_1_09,13
DLG5,Flex_1_10,16
DLG5,Flex_1_11,21
DLG5,Flex_1_12,16
DLG5,Flex_1_13,24
DLG5,Flex_1_14,12
DLG5,Flex_1_15,20
DLG5,Flex_1_16,19
DLG5,Flex_2_01,23
DLG5,Flex_2_02,26
DLG5,Flex_2_03,17
DLG5,Flex_2_04,16
DLG5,Flex_2_05,23
DLG5,Flex_2_06,24
DLG5,Flex_2_07,18
DLG5,Flex_2_08,17
DLG5,Flex_2_09,25
DLG5,Flex_2_10,16
DLG5,Flex_2_11,20
DLG5,Flex_2_12,19
DLG5,Flex_2_13,22
DLG5,Flex_2_14,15
DLG5,Flex_2_15,20
DLG5,Flex_2_16,18
DLG5,Flex_3_01,20
DLG5,Flex_3_02,20
DLG5,Flex_3_03,28
DLG5,Flex_3_04,19
DLG5,Flex_3_05,15
DLG5,Flex_3_06,17
DLG5,Flex_3_07,21
DLG5,Flex_3_08,18
DLG5,Flex_3_09,16
DLG5,Flex_3_10,14
DLG5,Flex_3_11,16
DLG5,Flex_3_12,14
DLG5,Flex_3_13,21
DLG5,Flex_3_14,13
DLG5,Flex_3_15,18
DLG5,Flex_3_16,16
DNAJA3,Flex_1_01,0
DNAJA3,Flex_1_02,1
DNAJA3,Flex_1_03,2
DNAJA3,Flex_1_04,1
DNAJA3,Flex_1_05,1
DNAJA3,Flex_1_06,3
DNAJA3,Flex_1_07,2
DNAJA3,Flex_1_08,1
DNAJA3,Flex_1_09,0
DNAJA3,Flex_1_10,3
DNAJA3,Flex_1_11,0
DNAJA3,Flex_1_12,1
DNAJA3,Flex_1_13,3
DNAJA3,Flex_1_14,0
DNAJA3,Flex_1_15,1
DNAJA3,Flex_1_16,1
DNAJA3,Flex_2_01,0
DNAJA3,Flex_2_02,3
DNAJA3,Flex_2_03,3
DNAJA3,Flex_2_04,3
DNAJA3,Flex_2_05,2
DNAJA3,Flex_2_06,0
DNAJA3,Flex_2_07,1
DNAJA3,Flex_2_08,0
DNAJA3,Flex_2_09,2
DNAJA3,Flex_2_10,1
DNAJA3,Flex_2_11,2
DNAJA3,Flex_2_12,0
DNAJA3,Flex_2_13,0
DNAJA3,Flex_2_14,0
DNAJA3,Flex_2_15,1
DNAJA3,Flex_2_16,0
DNAJA3,Flex_3_01,1
DNAJA3,Flex_3_02,4
DNAJA3,Flex_3_03,0
DNAJA3,Flex_3_04,1
DNAJA3,Flex_3_05,0
DNAJA3,Flex_3_06,1
DNAJA3,Flex_3_07,1
DNAJA3,Flex_3_08,1
DNAJA3,Flex_3_09,4
DNAJA3,Flex_3_10,1
DNAJA3,Flex_3_11,2
DNAJA3,Flex_3_12,2
DNAJA3,Flex_3_13,3
DNAJA3,Flex_3_14,1
DNAJA3,Flex_3_15,4
DNAJA3,Flex_3_16,1
DNMT1,Flex_1_01,28
DNMT1,Flex_1_02,17
DNMT1,Flex_1_03,19
DNMT1,Flex_1_04,17
DNMT1,Flex_1_05,20
DNMT1,Flex_1_06,22
DNMT1,Flex_1_07,14
DNMT1,Flex_1_08,16
DNMT1,Flex_1_09,8
DNMT1,Flex_1_10,17
DNMT1,Flex_1_11,18
DNMT1,Flex_1_12,17
DNMT1,Flex_1_13,20
DNMT1,Flex_1_14,21
DNMT1,Flex_1_15,20
DNMT1,Flex_1_16,16
DNMT1,Flex_2_01,16
DNMT1,Flex_2_02,20
DNMT1,Flex_2_03,29
DNMT1,Flex_2_04,16
DNMT1,Flex_2_05,18
DNMT1,Flex_2_06,20
DNMT1,Flex_2_07,14
DNMT1,Flex_2_08,18
DNMT1,Flex_2_09,12
DNMT1,Flex_2_10,14
DNMT1,Flex_2_11,15
DNMT1,Flex_2_12,13
DNMT1,Flex_2_13,22
DNMT1,Flex_2_14,16
DNMT1,Flex_2_15,22
DNMT1,Flex_2_16,17
DNMT1,Flex_3_01,15
DNMT1,Flex_3_02,19
DNMT1,Flex_3_03,27
DNMT1,Flex_3_04,19
DNMT1,Flex_3_05,21
DNMT1,Flex_3_06,21
DNMT1,Flex_3_07,15
DNMT1,Flex_3_08,19
DNMT1,Flex_3_09,24
DNMT1,Flex_3_10,23
DNMT1,Flex_3_11,18
DNMT1,Flex_3_12,21
DNMT1,Flex_3_13,17
DNMT1,Flex_3_14,26
DNMT1,Flex_3_15,24
DNMT1,Flex_3_16,12
DZIP3,Flex_1_01,17
DZIP3,Flex_1_02,10
DZIP3,Flex_1_03,9
DZIP3,Flex_1_04,9
DZIP3,Flex_1_05,8
DZIP3,Flex_1_06,5
DZIP3,Flex_1_07,14
DZIP3,Flex_1_08,3
DZIP3,Flex_1_09,6
DZIP3,Flex_1_10,7
DZIP3,Flex_1_11,12
DZIP3,Flex_1_12,11
DZIP3,Flex_1_13,14
DZIP3,Flex_1_14,9
DZIP3,Flex_1_15,4
DZIP3,Flex_1_16,4
DZIP3,Flex_2_01,14
DZIP3,Flex_2_02,11
DZIP3,Flex_2_03,7
DZIP3,Flex_2_04,11
DZIP3,Flex_2_05,12
DZIP3,Flex_2_06,8
DZIP3,Flex_2_07,10
DZIP3,Flex_2_08,7
DZIP3,Flex_2_09,9
DZIP3,Flex_2_10,9
DZIP3,Flex_2_11,10
DZIP3,Flex_2_12,14
DZIP3,Flex_2_13,8
DZIP3,Flex_2_14,5
DZIP3,Flex_2_15,9
DZIP3,Flex_2_16,9
DZIP3,Flex_3_01,4
DZIP3,Flex_3_02,8
DZIP3,Flex_3_03,11
DZIP3,Flex_3_04,8
DZIP3,Flex_3_05,4
DZIP3,Flex_3_06,10
DZIP3,Flex_3_07,15
DZIP3,Flex_3_08,12
DZIP3,Flex_3_09,15
DZIP3,Flex_3_10,9
DZIP3,Flex_3_11,10
DZIP3,Flex_3_12,4
DZIP3,Flex_3_13,13
DZIP3,Flex_3_14,9
DZIP3,Flex_3_15,9
DZIP3,Flex_3_16,11
EIF4B,Flex_1_01,30
EIF4B,Flex_1_02,40
EIF4B,Flex_1_03,27
EIF4B,Flex_1_04,42
EIF4B,Flex_1_05,31
EIF4B,Flex_1_06,34
EIF4B,Flex_1_07,34
EIF4B,Flex_1_08,27
EIF4B,Flex_1_09,25
EIF4B,Flex_1_10,31
EIF4B,Flex_1_11,27
EIF4B,Flex_1_12,30
EIF4B,Flex_1_13,43
EIF4B,Flex_1_14,30
EIF4B,Flex_1_15,28
EIF4B,Flex_1_16,36
EIF4B,Flex_2_01,32
EIF4B,Flex_2_02,22
EIF4B,Flex_2_03,25
EIF4B,Flex_2_04,27
EIF4B,Flex_2_05,35
EIF4B,Flex_2_06,29
EIF4B,Flex_2_07,41
EIF4B,Flex_2_08,25
EIF4B,Flex_2_09,35
EIF4B,Flex_2_10,33
EIF4B,Flex_2_11,38
EIF4B,Flex_2_12,31
EIF4B,Flex_2_13,33
EIF4B,Flex_2_14,38
EIF4B,Flex_2_15,28
EIF4B,Flex_2_16,35
EIF4B,Flex_3_01,24
EIF4B,Flex_3_02,33
EIF4B,Flex_3_03,32
EIF4B,Flex_3_04,41
EIF4B,Flex_3_05,42
EIF4B,Flex_3_06,30
EIF4B,Flex_3_07,34
EIF4B,Flex_3_08,34
EIF4B,Flex_3_09,37
EIF4B,Flex_3_10,34
EIF4B,Flex_3_11,39
EIF4B,Flex_3_12,35
EIF4B,Flex_3_13,34
EIF4B,Flex_3_14,36
EIF4B,Flex_3_15,28
EIF4B,Flex_3_16,50
ETV4,Flex_1_01,4
ETV4,Flex_1_02,3
ETV4,Flex_1_03,4
ETV4,Flex_1_04,8
ETV4,Flex_1_05,10
ETV4,Flex_1_06,7
ETV4,Flex_1_07,5
ETV4,Flex_1_08,1
ETV4,Flex_1_09,2
ETV4,Flex_1_10,5
ETV4,Flex_1_11,5
ETV4,Flex_1_12,5
ETV4,Flex_1_13,1
ETV4,Flex_1_14,13
ETV4,Flex_1_15,5
ETV4,Flex_1_16,4
ETV4,Flex_2_01,9
ETV4,Flex_2_02,5
ETV4,Flex_2_03,4
ETV4,Flex_2_04,3
ETV4,Flex_2_05,9
ETV4,Flex_2_06,6
ETV4,Flex_2_07,7
ETV4,Flex_2_08,2
ETV4,Flex_2_09,4
ETV4,Flex_2_10,5
ETV4,Flex_2_11,3
ETV4,Flex_2_12,5
ETV4,Flex_2_13,13
ETV4,Flex_2_14,7
ETV4,Flex_2_15,6
ETV4,Flex_2_16,4
ETV4,Flex_3_01,3
ETV4,Flex_3_02,4
ETV4,Flex_3_03,2
ETV4,Flex_3_04,9
ETV4,Flex_3_05,5
ETV4,Flex_3_06,8
ETV4,Flex_3_07,5
ETV4,Flex_3_08,2
ETV4,Flex_3_09,6
ETV4,Flex_3_10,7
ETV4,Flex_3_11,10
ETV4,Flex_3_12,5
ETV4,Flex_3_13,6
ETV4,Flex_3_14,8
ETV4,Flex_3_15,4
ETV4,Flex_3_16,5
GSK3B,Flex_1_01,19
GSK3B,Flex_1_02,25
GSK3B,Flex_1_03,21
GSK3B,Flex_1_04,23
GSK3B,Flex_1_05,16
GSK3B,Flex_1_06,21
GSK3B,Flex_1_07,22
GSK3B,Flex_1_08,26
GSK3B,Flex_1_09,24
GSK3B,Flex_1_10,24
GSK3B,Flex_1_11,17
GSK3B,Flex_1_12,23
GSK3B,Flex_1_13,24
GSK3B,Flex_1_14,18
GSK3B,Flex_1_15,19
GSK3B,Flex_1_16,28
GSK3B,Flex_2_01,22
GSK3B,Flex_2_02,34
GSK3B,Flex_2_03,15
GSK3B,Flex_2_04,18
GSK3B,Flex_2_05,21
GSK3B,Flex_2_06,20
GSK3B,Flex_2_07,15
GSK3B,Flex_2_08,21
GSK3B,Flex_2_09,11
GSK3B,Flex_2_10,16
GSK3B,Flex_2_11,29
GSK3B,Flex_2_12,20
GSK3B,Flex_2_13,30
GSK3B,Flex_2_14,19
GSK3B,Flex_2_15,19
GSK3B,Flex_2_16,20
GSK3B,Flex_3_01,17
GSK3B,Flex_3_02,20
GSK3B,Flex_3_03,17
GSK3B,Flex_3_04,26
GSK3B,Flex_3_05,31
GSK3B,Flex_3_06,25
GSK3B,Flex_3_07,18
GSK3B,Flex_3_08,30
GSK3B,Flex_3_09,21
GSK3B,Flex_3_10,27
GSK3B,Flex_3_11,24
GSK3B,Flex_3_12,25
GSK3B,Flex_3_13,29
GSK3B,Flex_3_14,17
GSK3B,Flex_3_15,31
GSK3B,Flex_3_16,21
HSBP1,Flex_1_01,5
HSBP1,Flex_1_02,4
HSBP1,Flex_1_03,1
HSBP1,Flex_1_04,2
HSBP1,Flex_1_05,3
HSBP1,Flex_1_06,5
HSBP1,Flex_1_07,5
HSBP1,Flex_1_08,2
HSBP1,Flex_1_09,4
HSBP1,Flex_1_10,3
HSBP1,Flex_1_11,1
HSBP1,Flex_1_12,1
HSBP1,Flex_1_13,2
HSBP1,Flex_1_14,3
HSBP1,Flex_1_15,4
HSBP1,Flex_1_16,1
HSBP1,Flex_2_01,0
HSBP1,Flex_2_02,2
HSBP1,Flex_2_03,3
HSBP1,Flex_2_04,2
HSBP1,Flex_2_05,1
HSBP1,Flex_2_06,5
HSBP1,Flex_2_07,4
HSBP1,Flex_2_08,5
HSBP1,Flex_2_09,6
HSBP1,Flex_2_10,4
HSBP1,Flex_2_11,5
HSBP1,Flex_2_12,2
HSBP1,Flex_2_13,6
HSBP1,Flex_2_14,7
HSBP1,Flex_2_15,3
HSBP1,Flex_2_16,1
HSBP1,Flex_3_01,4
HSBP1,Flex_3_02,5
HSBP1,Flex_3_03,3
HSBP1,Flex_3_04,3
HSBP1,Flex_3_05,6
HSBP1,Flex_3_06,6
HSBP1,Flex_3_07,5
HSBP1,Flex_3_08,2
HSBP1,Flex_3_09,10
HSBP1,Flex_3_10,4
HSBP1,Flex_3_11,4
HSBP1,Flex_3_12,2
HSBP1,Flex_3_13,2
HSBP1,Flex_3_14,0
HSBP1,Flex_3_15,3
HSBP1,Flex_3_16,5
IKBKG,Flex_1_01,14
IKBKG,Flex_1_02,14
IKBKG,Flex_1_03,15
IKBKG,Flex_1_04,13
IKBKG,Flex_1_05,14
IKBKG,Flex_1_06,17
IKBKG,Flex_1_07,21
IKBKG,Flex_1_08,13
IKBKG,Flex_1_09,14
IKBKG,Flex_1_10,15
IKBKG,Flex_1_11,14
IKBKG,Flex_1_12,16
IKBKG,Flex_1_13,14
IKBKG,Flex_1_14,18
IKBKG,Flex_1_15,15
IKBKG,Flex_1_16,17
IKBKG,Flex_2_01,24
IKBKG,Flex_2_02,16
IKBKG,Flex_2_03,16
IKBKG,Flex_2_04,14
IKBKG,Flex_2_05,10
IKBKG,Flex_2_06,19
IKBKG,Flex_2_07,14
IKBKG,Flex_2_08,12
IKBKG,Flex_2_09,16
IKBKG,Flex_2_10,18
IKBKG,Flex_2_11,16
IKBKG,Flex_2_12,13
IKBKG,Flex_2_13,25
IKBKG,Flex_2_14,11
IKBKG,Flex_2_15,15
IKBKG,Flex_2_16,18
IKBKG,Flex_3_01,19
IKBKG,Flex_3_02,18
IKBKG,Flex_3_03,15
IKBKG,Flex_3_04,20
IKBKG,Flex_3_05,14
IKBKG,Flex_3_06,15
IKBKG,Flex_3_07,17
IKBKG,Flex_3_08,17
IKBKG,Flex_3_09,20
IKBKG,Flex_3_10,13
IKBKG,Flex_3_11,16
IKBKG,Flex_3_12,25
IKBKG,Flex_3_13,22
IKBKG,Flex_3_14,23
IKBKG,Flex_3_15,20
IKBKG,Flex_3_16,15
IRF3,Flex_1_01,18
IRF3,Flex_1_02,25
IRF3,Flex_1_03,16
IRF3,Flex_1_04,19
IRF3,Flex_1_05,23
IRF3,Flex_1_06,22
IRF3,Flex_1_07,18
IRF3,Flex_1_08,21
IRF3,Flex_1_09,19
IRF3,Flex_1_10,25
IRF3,Flex_1_11,23
IRF3,Flex_1_12,25
IRF3,Flex_1_13,14
IRF3,Flex_1_14,17
IRF3,Flex_1_15,20
IRF3,Flex_1_16,15
IRF3,Flex_2_01,23
IRF3,Flex_2_02,27
IRF3,Flex_2_03,16
IRF3,Flex_2_04,21
IRF3,Flex_2_05,16
IRF3,Flex_2_06,20
IRF3,Flex_2_07,15
IRF3,Flex_2_08,14
IRF3,Flex_2_09,21
IRF3,Flex_2_10,17
IRF3,Flex_2_11,17
IRF3,Flex_2_12,22
IRF3,Flex_2_13,30
IRF3,Flex_2_14,13
IRF3,Flex_2_15,24
IRF3,Flex_2_16,12
IRF3,Flex_3_01,27
IRF3,Flex_3_02,27
IRF3,Flex_3_03,25
IRF3,Flex_3_04,21
IRF3,Flex_3_05,20
IRF3,Flex_3_06,22
IRF3,Flex_3_07,20
IRF3,Flex_3_08,22
IRF3,Flex_3_09,14
IRF3,Flex_3_10,23
IRF3,Flex_3_11,24
IRF3,Flex_3_12,17
IRF3,Flex_3_13,27
IRF3,Flex_3_14,17
IRF3,Flex_3_15,27
IRF3,Flex_3_16,24
KDM2B,Flex_1_01,42
KDM2B,Flex_1_02,36
KDM2B,Flex_1_03,50
KDM2B,Flex_1_04,39
KDM2B,Flex_1_05,35
KDM2B,Flex_1_06,48
KDM2B,Flex_1_07,45
KDM2B,Flex_1_08,37
KDM2B,Flex_1_09,35
KDM2B,Flex_1_10,47
KDM2B,Flex_1_11,47
KDM2B,Flex_1_12,40
KDM2B,Flex_1_13,47
KDM2B,Flex_1_14,38
KDM2B,Flex_1_15,35
KDM2B,Flex_1_16,49
KDM2B,Flex_2_01,46
KDM2B,Flex_2_02,38
KDM2B,Flex_2_03,41
KDM2B,Flex_2_04,48
KDM2B,Flex_2_05,48
KDM2B,Flex_2_06,50
KDM2B,Flex_2_07,43
KDM2B,Flex_2_08,42
KDM2B,Flex_2_09,47
KDM2B,Flex_2_10,61
KDM2B,Flex_2_11,49
KDM2B,Flex_2_12,49
KDM2B,Flex_2_13,49
KDM2B,Flex_2_14,35
KDM2B,Flex_2_15,51
KDM2B,Flex_2_16,41
KDM2B,Flex_3_01,43
KDM2B,Flex_3_02,57
KDM2B,Flex_3_03,41
KDM2B,Flex_3_04,37
KDM2B,Flex_3_05,47
KDM2B,Flex_3_06,54
KDM2B,Flex_3_07,49
KDM2B,Flex_3_08,48
KDM2B,Flex_3_09,41
KDM2B,Flex_3_10,50
KDM2B,Flex_3_11,43
KDM2B,Flex_3_12,39
KDM2B,Flex_3_13,34
KDM2B,Flex_3_14,44
KDM2B,Flex_3_15,58
KDM2B,Flex_3_16,49
KIF1B,Flex_1_01,43
KIF1B,Flex_1_02,41
KIF1B,Flex_1_03,45
KIF1B,Flex_1_04,51
KIF1B,Flex_1_05,45
KIF1B,Flex_1_06,41
KIF1B,Flex_1_07,52
KIF1B,Flex_1_08,44
KIF1B,Flex_1_09,48
KIF1B,Flex_1_10,50
KIF1B,Flex_1_11,51
KIF1B,Flex_1_12,54
KIF1B,Flex_1_13,39
KIF1B,Flex_1_14,52
KIF1B,Flex_1_15,47
KIF1B,Flex_1_16,57
KIF1B,Flex_2_01,53
KIF1B,Flex_2_02,50
KIF1B,Flex_2_03,50
KIF1B,Flex_2_04,43
KIF1B,Flex_2_05,52
KIF1B,Flex_2_06,48
KIF1B,Flex_2_07,51
KIF1B,Flex_2_08,50
KIF1B,Flex_2_09,51
KIF1B,Flex_2_10,52
KIF1B,Flex_2_11,48
KIF1B,Flex_2_12,39
KIF1B,Flex_2_13,39
KIF1B,Flex_2_14,45
KIF1B,Flex_2_15,53
KIF1B,Flex_2_16,55
KIF1B,Flex_3_01,48
KIF1B,Flex_3_02,52
KIF1B,Flex_3_03,51
KIF1B,Flex_3_04,52
KIF1B,Flex_3_05,48
KIF1B,Flex_3_06,56
KIF1B,Flex_3_07,54
KIF1B,Flex_3_08,64
KIF1B,Flex_3_09,62
KIF1B,Flex_3_10,60
KIF1B,Flex_3_11,55
KIF1B,Flex_3_12,50
KIF1B,Flex_3_13,62
KIF1B,Flex_3_14,47
KIF1B,Flex_3_15,60
KIF1B,Flex_3_16,47
LAD1,Flex_1_01,20
LAD1,Flex_1_02,34
LAD1,Flex_1_03,17
LAD1,Flex_1_04,23
LAD1,Flex_1_05,36
LAD1,Flex_1_06,27
LAD1,Flex_1_07,25
LAD1,Flex_1_08,29
LAD1,Flex_1_09,20
LAD1,Flex_1_10,25
LAD1,Flex_1_11,28
LAD1,Flex_1_12,28
LAD1,Flex_1_13,26
LAD1,Flex_1_14,38
LAD1,Flex_1_15,23
LAD1,Flex_1_16,20
LAD1,Flex_2_01,27
LAD1,Flex_2_02,29
LAD1,Flex_2_03,28
LAD1,Flex_2_04,28
LAD1,Flex_2_05,22
LAD1,Flex_2_06,27
LAD1,Flex_2_07,31
LAD1,Flex_2_08,18
LAD1,Flex_2_09,29
LAD1,Flex_2_10,27
LAD1,Flex_2_11,39
LAD1,Flex_2_12,26
LAD1,Flex_2_13,35
LAD1,Flex_2_14,35
LAD1,Flex_2_15,26
LAD1,Flex_2_16,24
LAD1,Flex_3_01,23
LAD1,Flex_3_02,27
LAD1,Flex_3_03,32
LAD1,Flex_3_04,35
LAD1,Flex_3_05,28
LAD1,Flex_3_06,35
LAD1,Flex_3_07,31
LAD1,Flex_3_08,31
LAD1,Flex_3_09,33
LAD1,Flex_3_10,27
LAD1,Flex_3_11,30
LAD1,Flex_3_12,31
LAD1,Flex_3_13,38
LAD1,Flex_3_14,28
LAD1,Flex_3_15,41
LAD1,Flex_3_16,21
LRPPRC,Flex_1_01,21
LRPPRC,Flex_1_02,24
LRPPRC,Flex_1_03,24
LRPPRC,Flex_1_04,18
LRPPRC,Flex_1_05,19
LRPPRC,Flex_1_06,29
LRPPRC,Flex_1_07,20
LRPPRC,Flex_1_08,28
LRPPRC,Flex_1_09,25
LRPPRC,Flex_1_10,26
LRPPRC,Flex_1_11,23
LRPPRC,Flex_1_12,19
LRPPRC,Flex_1_13,21
LRPPRC,Flex_1_14,32
LRPPRC,Flex_1_15,16
LRPPRC,Flex_1_16,20
LRPPRC,Flex_2_01,21
LRPPRC,Flex_2_02,17
LRPPRC,Flex_2_03,24
LRPPRC,Flex_2_04,15
LRPPRC,Flex_2_05,19
LRPPRC,Flex_2_06,25
LRPPRC,Flex_2_07,19
LRPPRC,Flex_2_08,23
LRPPRC,Flex_2_09,22
LRPPRC,Flex_2_10,19
LRPPRC,Flex_2_11,34
LRPPRC,Flex_2_12,20
LRPPRC,Flex_2_13,23
LRPPRC,Flex_2_14,16
LRPPRC,Flex_2_15,24
LRPPRC,Flex_2_16,22
LRPPRC,Flex_3_01,16
LRPPRC,Flex_3_02,20
LRPPRC,Flex_3_03,18
LRPPRC,Flex_3_04,22
LRPPRC,Flex_3_05,20
LRPPRC,Flex_3_06,27
LRPPRC,Flex_3_07,20
LRPPRC,Flex_3_08,17
LRPPRC,Flex_3_09,20
LRPPRC,Flex_3_10,24
LRPPRC,Flex_3_11,30
LRPPRC,Flex_3_12,19
LRPPRC,Flex_3_13,30
LRPPRC,Flex_3_14,26
LRPPRC,Flex_3_15,17
LRPPRC,Flex_3_16,19
MAP1B,Flex_1_01,19
MAP1B,Flex_1_02,16
MAP1B,Flex_1_03,11
MAP1B,Flex_1_04,21
MAP1B,Flex_1_05,13
MAP1B,Flex_1_06,19
MAP1B,Flex_1_07,15
MAP1B,Flex_1_08,14
MAP1B,Flex_1_09,21
MAP1B,Flex_1_10,19
MAP1B,Flex_1_11,19
MAP1B,Flex_1_12,20
MAP1B,Flex_1_13,9
MAP1B,Flex_1_14,17
MAP1B,Flex_1_15,14
MAP1B,Flex_1_16,12
MAP1B,Flex_2_01,14
MAP1B,Flex_2_02,13
MAP1B,Flex_2_03,14
MAP1B,Flex_2_04,15
MAP1B,Flex_2_05,13
MAP1B,Flex_2_06,14
MAP1B,Flex_2_07,16
MAP1B,Flex_2_08,17
MAP1B,Flex_2_09,22
MAP1B,Flex_2_10,18
MAP1B,Flex_2_11,25
MAP1B,Flex_2_12,17
MAP1B,Flex_2_13,20
MAP1B,Flex_2_14,16
MAP1B,Flex_2_15,12
MAP1B,Flex_2_16,13
MAP1B,Flex_3_01,9
MAP1B,Flex_3_02,17
MAP1B,Flex_3_03,12
MAP1B,Flex_3_04,19
MAP1B,Flex_3_05,23
MAP1B,Flex_3_06,17
MAP1B,Flex_3_07,17
MAP1B,Flex_3_08,16
MAP1B,Flex_3_09,17
MAP1B,Flex_3_10,23
MAP1B,Flex_3_11,22
MAP1B,Flex_3_12,8
MAP1B,Flex_3_13,14
MAP1B,Flex_3_14,25
MAP1B,Flex_3_15,14
MAP1B,Flex_3_16,13
MAPKAPK2,Flex_1_01,47
MAPKAPK2,Flex_1_02,43
MAPKAPK2,Flex_1_03,49
MAPKAPK2,Flex_1_04,54
MAPKAPK2,Flex_1_05,44
MAPKAPK2,Flex_1_06,60
MAPKAPK2,Flex_1_07,45
MAPKAPK2,Flex_1_08,32
MAPKAPK2,Flex_1_09,43
MAPKAPK2,Flex_1_10,43
MAPKAPK2,Flex_1_11,42
MAPKAPK2,Flex_1_12,34
MAPKAPK2,Flex_1_13,47
MAPKAPK2,Flex_1_14,42
MAPKAPK2,Flex_1_15,53
MAPKAPK2,Flex_1_16,31
MAPKAPK2,Flex_2_01,42
MAPKAPK2,Flex_2_02,40
MAPKAPK2,Flex_2_03,47
MAPKAPK2,Flex_2_04,66
MAPKAPK2,Flex_2_05,48
MAPKAPK2,Flex_2_06,52
MAPKAPK2,Flex_2_07,49
MAPKAPK2,Flex_2_08,45
MAPKAPK2,Flex_2_09,44
MAPKAPK2,Flex_2_10,52
MAPKAPK2,Flex_2_11,41
MAPKAPK2,Flex_2_12,31
MAPKAPK2,Flex_2_13,48
MAPKAPK2,Flex_2_14,44
MAPKAPK2,Flex_2_15,45
MAPKAPK2,Flex_2_16,42
MAPKAPK2,Flex_3_01,42
MAPKAPK2,Flex_3_02,43
MAPKAPK2,Flex_3_03,55
MAPKAPK2,Flex_3_04,33
MAPKAPK2,Flex_3_05,48
MAPKAPK2,Flex_3_06,58
MAPKAPK2,Flex_3_07,40
MAPKAPK2,Flex_3_08,47
MAPKAPK2,Flex_3_09,51
MAPKAPK2,Flex_3_10,53
MAPKAPK2,Flex_3_11,55
MAPKAPK2,Flex_3_12,51
MAPKAPK2,Flex_3_13,48
MAPKAPK2,Flex_3_14,46
MAPKAPK2,Flex_3_15,46
MAPKAPK2,Flex_3_16,35
MAU2,Flex_1_01,20
MAU2,Flex_1_02,16
MAU2,Flex_1_03,21
MAU2,Flex_1_04,23
MAU2,Flex_1_05,15
MAU2,Flex_1_06,23
MAU2,Flex_1_07,25
MAU2,Flex_1_08,25
MAU2,Flex_1_09,25
MAU2,Flex_1_10,10
MAU2,Flex_1_11,23
MAU2,Flex_1_12,16
MAU2,Flex_1_13,22
MAU2,Flex_1_14,26
MAU2,Flex_1_15,16
MAU2,Flex_1_16,19
MAU2,Flex_2_01,18
MAU2,Flex_2_02,18
MAU2,Flex_2_03,21
MAU2,Flex_2_04,18
MAU2,Flex_2_05,12
MAU2,Flex_2_06,25
MAU2,Flex_2_07,15
MAU2,Flex_2_08,19
MAU2,Flex_2_09,19
MAU2,Flex_2_10,20
MAU2,Flex_2_11,19
MAU2,Flex_2_12,16
MAU2,Flex_2_13,33
MAU2,Flex_2_14,14
MAU2,Flex_2_15,28
MAU2,Flex_2_16,25
MAU2,Flex_3_01,19
MAU2,Flex_3_02,23
MAU2,Flex_3_03,15
MAU2,Flex_3_04,24
MAU2,Flex_3_05,28
MAU2,Flex_3_06,20
MAU2,Flex_3_07,31
MAU2,Flex_3_08,20
MAU2,Flex_3_09,21
MAU2,Flex_3_10,21
MAU2,Flex_3_11,31
MAU2,Flex_3_12,17
MAU2,Flex_3_13,33
MAU2,Flex_3_14,23
MAU2,Flex_3_15,27
MAU2,Flex_3_16,23
MED1,Flex_1_01,8
MED1,Flex_1_02,8
MED1,Flex_1_03,4
MED1,Flex_1_04,9
MED1,Flex_1_05,5
MED1,Flex_1_06,9
MED1,Flex_1_07,7
MED1,Flex_1_08,6
MED1,Flex_1_09,12
MED1,Flex_1_10,12
MED1,Flex_1_11,10
MED1,Flex_1_12,10
MED1,Flex_1_13,4
MED1,Flex_1_14,10
MED1,Flex_1_15,12
MED1,Flex_1_16,2
MED1,Flex_2_01,8
MED1,Flex_2_02,9
MED1,Flex_2_03,8
MED1,Flex_2_04,9
MED1,Flex_2_05,8
MED1,Flex_2_06,9
MED1,Flex_2_07,7
MED1,Flex_2_08,9
MED1,Flex_2_09,5
MED1,Flex_2_10,8
MED1,Flex_2_11,8
MED1,Flex_2_12,5
MED1,Flex_2_13,11
MED1,Flex_2_14,8
MED1,Flex_2_15,7
MED1,Flex_2_16,6
MED1,Flex_3_01,8
MED1,Flex_3_02,8
MED1,Flex_3_03,9
MED1,Flex_3_04,18
MED1,Flex_3_05,12
MED1,Flex_3_06,10
MED1,Flex_3_07,11
MED1,Flex_3_08,10
MED1,Flex_3_09,6
MED1,Flex_3_10,10
MED1,Flex_3_11,11
MED1,Flex_3_12,11
MED1,Flex_3_13,5
MED1,Flex_3_14,9
MED1,Flex_3_15,6
MED1,Flex_3_16,10
MED12,Flex_1_01,48
MED12,Flex_1_02,39
MED12,Flex_1_03,55
MED12,Flex_1_04,48
MED12,Flex_1_05,56
MED12,Flex_1_06,59
MED12,Flex_1_07,57
MED12,Flex_1_08,47
MED12,Flex_1_09,42
MED12,Flex_1_10,56
MED12,Flex_1_11,49
MED12,Flex_1_12,50
MED12,Flex_1_13,68
MED12,Flex_1_14,54
MED12,Flex_1_15,54
MED12,Flex_1_16,61
MED12,Flex_2_01,39
MED12,Flex_2_02,56
MED12,Flex_2_03,50
MED12,Flex_2_04,53
MED12,Flex_2_05,47
MED12,Flex_2_06,54
MED12,Flex_2_07,63
MED12,Flex_2_08,58
MED12,Flex_2_09,59
MED12,Flex_2_10,58
MED12,Flex_2_11,70
MED12,Flex_2_12,55
MED12,Flex_2_13,56
MED12,Flex_2_14,62
MED12,Flex_2_15,57
MED12,Flex_2_16,55
MED12,Flex_3_01,64
MED12,Flex_3_02,63
MED12,Flex_3_03,70
MED12,Flex_3_04,42
MED12,Flex_3_05,58
MED12,Flex_3_06,62
MED12,Flex_3_07,85
MED12,Flex_3_08,69
MED12,Flex_3_09,70
MED12,Flex_3_10,57
MED12,Flex_3_11,57
MED12,Flex_3_12,53
MED12,Flex_3_13,68
MED12,Flex_3_14,73
MED12,Flex_3_15,66
MED12,Flex_3_16,74
METTL3,Flex_1_01,3
METTL3,Flex_1_02,7
METTL3,Flex_1_03,10
METTL3,Flex_1_04,12
METTL3,Flex_1_05,10
METTL3,Flex_1_06,6
METTL3,Flex_1_07,7
METTL3,Flex_1_08,8
METTL3,Flex_1_09,8
METTL3,Flex_1_10,16
METTL3,Flex_1_11,6
METTL3,Flex_1_12,7
METTL3,Flex_1_13,11
METTL3,Flex_1_14,9
METTL3,Flex_1_15,8
METTL3,Flex_1_16,9
METTL3,Flex_2_01,14
METTL3,Flex_2_02,15
METTL3,Flex_2_03,6
METTL3,Flex_2_04,13
METTL3,Flex_2_05,7
METTL3,Flex_2_06,12
METTL3,Flex_2_07,5
METTL3,Flex_2_08,12
METTL3,Flex_2_09,10
METTL3,Flex_2_10,9
METTL3,Flex_2_11,7
METTL3,Flex_2_12,12
METTL3,Flex_2_13,16
METTL3,Flex_2_14,10
METTL3,Flex_2_15,9
METTL3,Flex_2_16,10
METTL3,Flex_3_01,13
METTL3,Flex_3_02,8
METTL3,Flex_3_03,9
METTL3,Flex_3_04,11
METTL3,Flex_3_05,15
METTL3,Flex_3_06,17
METTL3,Flex_3_07,12
METTL3,Flex_3_08,14
METTL3,Flex_3_09,10
METTL3,Flex_3_10,15
METTL3,Flex_3_11,9
METTL3,Flex_3_12,12
METTL3,Flex_3_13,11
METTL3,Flex_3_14,15
METTL3,Flex_3_15,11
METTL3,Flex_3_16,12
MKI67,Flex_1_01,20
MKI67,Flex_1_02,18
MKI67,Flex_1_03,21
MKI67,Flex_1_04,13
MKI67,Flex_1_05,20
MKI67,Flex_1_06,21
MKI67,Flex_1_07,23
MKI67,Flex_1_08,20
MKI67,Flex_1_09,18
MKI67,Flex_1_10,19
MKI67,Flex_1_11,18
MKI67,Flex_1_12,14
MKI67,Flex_1_13,25
MKI67,Flex_1_14,17
MKI67,Flex_1_15,16
MKI67,Flex_1_16,21
MKI67,Flex_2_01,15
MKI67,Flex_2_02,17
MKI67,Flex_2_03,20
MKI67,Flex_2_04,24
MKI67,Flex_2_05,27
MKI67,Flex_2_06,19
MKI67,Flex_2_07,15
MKI67,Flex_2_08,12
MKI67,Flex_2_09,21
MKI67,Flex_2_10,16
MKI67,Flex_2_11,17
MKI67,Flex_2_12,20
MKI67,Flex_2_13,12
MKI67,Flex_2_14,19
MKI67,Flex_2_15,21
MKI67,Flex_2_16,18
MKI67,Flex_3_01,19
MKI67,Flex_3_02,28
MKI67,Flex_3_03,25
MKI67,Flex_3_04,31
MKI67,Flex_3_05,24
MKI67,Flex_3_06,17
MKI67,Flex_3_07,21
MKI67,Flex_3_08,20
MKI67,Flex_3_09,30
MKI67,Flex_3_10,19
MKI67,Flex_3_11,19
MKI67,Flex_3_12,19
MKI67,Flex_3_13,22
MKI67,Flex_3_14,27
MKI67,Flex_3_15,25
MKI67,Flex_3_16,25
MTA1,Flex_1_01,36
MTA1,Flex_1_02,27
MTA1,Flex_1_03,25
MTA1,Flex_1_04,27
MTA1,Flex_1_05,32
MTA1,Flex_1_06,32
MTA1,Flex_1_07,23
MTA1,Flex_1_08,32
MTA1,Flex_1_09,25
MTA1,Flex_1_10,29
MTA1,Flex_1_11,38
MTA1,Flex_1_12,33
MTA1,Flex_1_13,33
MTA1,Flex_1_14,22
MTA1,Flex_1_15,27
MTA1,Flex_1_16,27
MTA1,Flex_2_01,14
MTA1,Flex_2_02,31
MTA1,Flex_2_03,29
MTA1,Flex_2_04,28
MTA1,Flex_2_05,38
MTA1,Flex_2_06,24
MTA1,Flex_2_07,19
MTA1,Flex_2_08,29
MTA1,Flex_2_09,19
MTA1,Flex_2_10,29
MTA1,Flex_2_11,36
MTA1,Flex_2_12,33
MTA1,Flex_2_13,25
MTA1,Flex_2_14,31
MTA1,Flex_2_15,30
MTA1,Flex_2_16,30
MTA1,Flex_3_01,38
MTA1,Flex_3_02,19
MTA1,Flex_3_03,43
MTA1,Flex_3_04,20
MTA1,Flex_3_05,39
MTA1,Flex_3_06,35
MTA1,Flex_3_07,29
MTA1,Flex_3_08,40
MTA1,Flex_3_09,29
MTA1,Flex_3_10,33
MTA1,Flex_3_11,30
MTA1,Flex_3_12,21
MTA1,Flex_3_13,36
MTA1,Flex_3_14,38
MTA1,Flex_3_15,29
MTA1,Flex_3_16,42
NCK2,Flex_1_01,53
NCK2,Flex_1_02,53
NCK2,Flex_1_03,50
NCK2,Flex_1_04,61
NCK2,Flex_1_05,64
NCK2,Flex_1_06,64
NCK2,Flex_1_07,66
NCK2,Flex_1_08,67
NCK2,Flex_1_09,52
NCK2,Flex_1_10,61
NCK2,Flex_1_11,59
NCK2,Flex_1_12,64
NCK2,Flex_1_13,72
NCK2,Flex_1_14,61
NCK2,Flex_1_15,54
NCK2,Flex_1_16,52
NCK2,Flex_2_01,58
NCK2,Flex_2_02,63
NCK2,Flex_2_03,64
NCK2,Flex_2_04,60
NCK2,Flex_2_05,64
NCK2,Flex_2_06,65
NCK2,Flex_2_07,55
NCK2,Flex_2_08,49
NCK2,Flex_2_09,59
NCK2,Flex_2_10,62
NCK2,Flex_2_11,59
NCK2,Flex_2_12,45
NCK2,Flex_2_13,72
NCK2,Flex_2_14,65
NCK2,Flex_2_15,62
NCK2,Flex_2_16,46
NCK2,Flex_3_01,65
NCK2,Flex_3_02,68
NCK2,Flex_3_03,48
NCK2,Flex_3_04,70
NCK2,Flex_3_05,67
NCK2,Flex_3_06,69
NCK2,Flex_3_07,61
NCK2,Flex_3_08,68
NCK2,Flex_3_09,72
NCK2,Flex_3_10,75
NCK2,Flex_3_11,45
NCK2,Flex_3_12,56
NCK2,Flex_3_13,68
NCK2,Flex_3_14,84
NCK2,Flex_3_15,61
NCK2,Flex_3_16,51
NIT1,Flex_1_01,19
NIT1,Flex_1_02,27
NIT1,Flex_1_03,27
NIT1,Flex_1_04,31
NIT1,Flex_1_05,34
NIT1,Flex_1_06,32
NIT1,Flex_1_07,28
NIT1,Flex_1_08,21
NIT1,Flex_1_09,24
NIT1,Flex_1_10,23
NIT1,Flex_1_11,32
NIT1,Flex_1_12,27
NIT1,Flex_1_13,25
NIT1,Flex_1_14,26
NIT1,Flex_1_15,27
NIT1,Flex_1_16,26
NIT1,Flex_2_01,27
NIT1,Flex_2_02,26
NIT1,Flex_2_03,35
NIT1,Flex_2_04,33
NIT1,Flex_2_05,26
NIT1,Flex_2_06,21
NIT1,Flex_2_07,26
NIT1,Flex_2_08,25
NIT1,Flex_2_09,23
NIT1,Flex_2_10,26
NIT1,Flex_2_11,24
NIT1,Flex_2_12,29
NIT1,Flex_2_13,25
NIT1,Flex_2_14,29
NIT1,Flex_2_15,21
NIT1,Flex_2_16,24
NIT1,Flex_3_01,27
NIT1,Flex_3_02,25
NIT1,Flex_3_03,26
NIT1,Flex_3_04,27
NIT1,Flex_3_05,25
NIT1,Flex_3_06,37
NIT1,Flex_3_07,22
NIT1,Flex_3_08,27
NIT1,Flex_3_09,27
NIT1,Flex_3_10,26
NIT1,Flex_3_11,23
NIT1,Flex_3_12,28
NIT1,Flex_3_13,32
NIT1,Flex_3_14,28
NIT1,Flex_3_15,25
NIT1,Flex_3_16,33
NREP,Flex_1_01,9
NREP,Flex_1_02,8
NREP,Flex_1_03,3
NREP,Flex_1_04,9
NREP,Flex_1_05,9
NREP,Flex_1_06,10
NREP,Flex_1_07,5
NREP,Flex_1_08,8
NREP,Flex_1_09,8
NREP,Flex_1_10,8
NREP,Flex_1_11,7
NREP,Flex_1_12,7
NREP,Flex_1_13,8
NREP,Flex_1_14,6
NREP,Flex_1_15,5
NREP,Flex_1_16,5
NREP,Flex_2_01,4
NREP,Flex_2_02,10
NREP,Flex_2_03,3
NREP,Flex_2_04,11
NREP,Flex_2_05,4
NREP,Flex_2_06,6
NREP,Flex_2_07,6
NREP,Flex_2_08,3
NREP,Flex_2_09,7
NREP,Flex_2_10,7
NREP,Flex_2_11,9
NREP,Flex_2_12,6
NREP,Flex_2_13,9
NREP,Flex_2_14,8
NREP,Flex_2_15,9
NREP,Flex_2_16,7
NREP,Flex_3_01,4
NREP,Flex_3_02,6
NREP,Flex_3_03,7
NREP,Flex_3_04,9
NREP,Flex_3_05,8
NREP,Flex_3_06,10
NREP,Flex_3_07,10
NREP,Flex_3_08,10
NREP,Flex_3_09,7
NREP,Flex_3_10,5
NREP,Flex_3_11,10
NREP,Flex_3_12,10
NREP,Flex_3_13,8
NREP,Flex_3_14,7
NREP,Flex_3_15,10
NREP,Flex_3_16,7
OXCT1,Flex_1_01,8
OXCT1,Flex_1_02,17
OXCT1,Flex_1_03,13
OXCT1,Flex_1_04,22
OXCT1,Flex_1_05,17
OXCT1,Flex_1_06,14
OXCT1,Flex_1_07,12
OXCT1,Flex_1_08,20
OXCT1,Flex_1_09,20
OXCT1,Flex_1_10,11
OXCT1,Flex_1_11,14
OXCT1,Flex_1_12,18
OXCT1,Flex_1_13,20
OXCT1,Flex_1_14,10
OXCT1,Flex_1_15,16
OXCT1,Flex_1_16,20
OXCT1,Flex_2_01,11
OXCT1,Flex_2_02,8
OXCT1,Flex_2_03,19
OXCT1,Flex_2_04,12
OXCT1,Flex_2_05,12
OXCT1,Flex_2_06,10
OXCT1,Flex_2_07,17
OXCT1,Flex_2_08,15
OXCT1,Flex_2_09,16
OXCT1,Flex_2_10,15
OXCT1,Flex_2_11,13
OXCT1,Flex_2_12,13
OXCT1,Flex_2_13,15
OXCT1,Flex_2_14,9
OXCT1,Flex_2_15,21
OXCT1,Flex_2_16,11
OXCT1,Flex_3_01,14
OXCT1,Flex_3_02,17
OXCT1,Flex_3_03,15
OXCT1,Flex_3_04,15
OXCT1,Flex_3_05,19
OXCT1,Flex_3_06,18
OXCT1,Flex_3_07,13
OXCT1,Flex_3_08,20
OXCT1,Flex_3_09,13
OXCT1,Flex_3_10,20
OXCT1,Flex_3_11,18
OXCT1,Flex_3_12,19
OXCT1,Flex_3_13,15
OXCT1,Flex_3_14,24
OXCT1,Flex_3_15,15
OXCT1,Flex_3_16,16
PAGR1,Flex_1_01,25
PAGR1,Flex_1_02,35
PAGR1,Flex_1_03,33
PAGR1,Flex_1_04,45
PAGR1,Flex_1_05,26
PAGR1,Flex_1_06,42
PAGR1,Flex_1_07,42
PAGR1,Flex_1_08,55
PAGR1,Flex_1_09,33
PAGR1,Flex_1_10,46
PAGR1,Flex_1_11,38
PAGR1,Flex_1_12,39
PAGR1,Flex_1_13,47
PAGR1,Flex_1_14,29
PAGR1,Flex_1_15,44
PAGR1,Flex_1_16,33
PAGR1,Flex_2_01,58
PAGR1,Flex_2_02,46
PAGR1,Flex_2_03,49
PAGR1,Flex_2_04,32
PAGR1,Flex_2_05,38
PAGR1,Flex_2_06,45
PAGR1,Flex_2_07,34
PAGR1,Flex_2_08,39
PAGR1,Flex_2_09,30
PAGR1,Flex_2_10,48
PAGR1,Flex_2_11,45
PAGR1,Flex_2_12,33
PAGR1,Flex_2_13,39
PAGR1,Flex_2_14,41
PAGR1,Flex_2_15,33
PAGR1,Flex_2_16,36
PAGR1,Flex_3_01,36
PAGR1,Flex_3_02,47
PAGR1,Flex_3_03,40
PAGR1,Flex_3_04,50
PAGR1,Flex_3_05,43
PAGR1,Flex_3_06,43
PAGR1,Flex_3_07,44
PAGR1,Flex_3_08,52
PAGR1,Flex_3_09,57
PAGR1,Flex_3_10,36
PAGR1,Flex_3_11,42
PAGR1,Flex_3_12,43
PAGR1,Flex_3_13,34
PAGR1,Flex_3_14,45
PAGR1,Flex_3_15,42
PAGR1,Flex_3_16,41
PBX1,Flex_1_01,56
PBX1,Flex_1_02,53
PBX1,Flex_1_03,51
PBX1,Flex_1_04,37
PBX1,Flex_1_05,61
PBX1,Flex_1_06,45
PBX1,Flex_1_07,43
PBX1,Flex_1_08,49
PBX1,Flex_1_09,47
PBX1,Flex_1_10,40
PBX1,Flex_1_11,35
PBX1,Flex_1_12,46
PBX1,Flex_1_13,46
PBX1,Flex_1_14,39
PBX1,Flex_1_15,52
PBX1,Flex_1_16,38
PBX1,Flex_2_01,35
PBX1,Flex_2_02,45
PBX1,Flex_2_03,46
PBX1,Flex_2_04,46
PBX1,Flex_2_05,49
PBX1,Flex_2_06,53
PBX1,Flex_2_07,50
PBX1,Flex_2_08,37
PBX1,Flex_2_09,43
PBX1,Flex_2_10,49
PBX1,Flex_2_11,53
PBX1,Flex_2_12,45
PBX1,Flex_2_13,37
PBX1,Flex_2_14,47
PBX1,Flex_2_15,53
PBX1,Flex_2_16,40
PBX1,Flex_3_01,55
PBX1,Flex_3_02,53
PBX1,Flex_3_03,46
PBX1,Flex_3_04,51
PBX1,Flex_3_05,50
PBX1,Flex_3_06,44
PBX1,Flex_3_07,54
PBX1,Flex_3_08,59
PBX1,Flex_3_09,55
PBX1,Flex_3_10,62
PBX1,Flex_3_11,50
PBX1,Flex_3_12,46
PBX1,Flex_3_13,55
PBX1,Flex_3_14,63
PBX1,Flex_3_15,62
PBX1,Flex_3_16,42
PHF10,Flex_1_01,12
PHF10,Flex_1_02,7
PHF10,Flex_1_03,7
PHF10,Flex_1_04,10
PHF10,Flex_1_05,11
PHF10,Flex_1_06,7
PHF10,Flex_1_07,7
PHF10,Flex_1_08,9
PHF10,Flex_1_09,4
PHF10,Flex_1_10,9
PHF10,Flex_1_11,12
PHF10,Flex_1_12,3
PHF10,Flex_1_13,10
PHF10,Flex_1_14,11
PHF10,Flex_1_15,6
PHF10,Flex_1_16,9
PHF10,Flex_2_01,10
PHF10,Flex_2_02,9
PHF10,Flex_2_03,13
PHF10,Flex_2_04,14
PHF10,Flex_2_05,10
PHF10,Flex_2_06,7
PHF10,Flex_2_07,13
PHF10,Flex_2_08,12
PHF10,Flex_2_09,7
PHF10,Flex_2_10,12
PHF10,Flex_2_11,9
PHF10,Flex_2_12,8
PHF10,Flex_2_13,7
PHF10,Flex_2_14,15
PHF10,Flex_2_15,11
PHF10,Flex_2_16,7
PHF10,Flex_3_01,10
PHF10,Flex_3_02,10
PHF10,Flex_3_03,6
PHF10,Flex_3_04,12
PHF10,Flex_3_05,6
PHF10,Flex_3_06,8
PHF10,Flex_3_07,14
PHF10,Flex_3_08,9
PHF10,Flex_3_09,8
PHF10,Flex_3_10,11
PHF10,Flex_3_11,10
PHF10,Flex_3_12,9
PHF10,Flex_3_13,8
PHF10,Flex_3_14,8
PHF10,Flex_3_15,11
PHF10,Flex_3_16,12
PMEL,Flex_1_01,10
PMEL,Flex_1_02,6
PMEL,Flex_1_03,8
PMEL,Flex_1_04,6
PMEL,Flex_1_05,4
PMEL,Flex_1_06,4
PMEL,Flex_1_07,6
PMEL,Flex_1_08,8
PMEL,Flex_1_09,6
PMEL,Flex_1_10,12
PMEL,Flex_1_11,6
PMEL,Flex_1_12,11
PMEL,Flex_1_13,4
PMEL,Flex_1_14,8
PMEL,Flex_1_15,11
PMEL,Flex_1_16,7
PMEL,Flex_2_01,5
PMEL,Flex_2_02,5
PMEL,Flex_2_03,7
PMEL,Flex_2_04,5
PMEL,Flex_2_05,9
PMEL,Flex_2_06,8
PMEL,Flex_2_07,4
PMEL,Flex_2_08,10
PMEL,Flex_2_09,6
PMEL,Flex_2_10,6
PMEL,Flex_2_11,6
PMEL,Flex_2_12,11
PMEL,Flex_2_13,6
PMEL,Flex_2_14,10
PMEL,Flex_2_15,4
PMEL,Flex_2_16,6
PMEL,Flex_3_01,8
PMEL,Flex_3_02,9
PMEL,Flex_3_03,11
PMEL,Flex_3_04,9
PMEL,Flex_3_05,8
PMEL,Flex_3_06,6
PMEL,Flex_3_07,11
PMEL,Flex_3_08,8
PMEL,Flex_3_09,8
PMEL,Flex_3_10,8
PMEL,Flex_3_11,12
PMEL,Flex_3_12,5
PMEL,Flex_3_13,5
PMEL,Flex_3_14,7
PMEL,Flex_3_15,13
PMEL,Flex_3_16,3
PRDM14,Flex_1_01,6
PRDM14,Flex_1_02,9
PRDM14,Flex_1_03,9
PRDM14,Flex_1_04,7
PRDM14,Flex_1_05,8
PRDM14,Flex_1_06,5
PRDM14,Flex_1_07,8
PRDM14,Flex_1_08,2
PRDM14,Flex_1_09,11
PRDM14,Flex_1_10,6
PRDM14,Flex_1_11,4
PRDM14,Flex_1_12,4
PRDM14,Flex_1_13,9
PRDM14,Flex_1_14,4
PRDM14,Flex_1_15,6
PRDM14,Flex_1_16,8
PRDM14,Flex_2_01,3
PRDM14,Flex_2_02,6
PRDM14,Flex_2_03,5
PRDM14,Flex_2_04,10
PRDM14,Flex_2_05,8
PRDM14,Flex_2_06,12
PRDM14,Flex_2_07,11
PRDM14,Flex_2_08,7
PRDM14,Flex_2_09,10
PRDM14,Flex_2_10,9
PRDM14,Flex_2_11,7
PRDM14,Flex_2_12,8
PRDM14,Flex_2_13,10
PRDM14,Flex_2_14,5
PRDM14,Flex_2_15,9
PRDM14,Flex_2_16,3
PRDM14,Flex_3_01,10
PRDM14,Flex_3_02,10
PRDM14,Flex_3_03,9
PRDM14,Flex_3_04,8
PRDM14,Flex_3_05,5
PRDM14,Flex_3_06,9
PRDM14,Flex_3_07,6
PRDM14,Flex_3_08,9
PRDM14,Flex_3_09,8
PRDM14,Flex_3_10,6
PRDM14,Flex_3_11,13
PRDM14,Flex_3_12,7
PRDM14,Flex_3_13,3
PRDM14,Flex_3_14,7
PRDM14,Flex_3_15,9
PRDM14,Flex_3_16,11
PTPN1,Flex_1_01,33
PTPN1,Flex_1_02,32
PTPN1,Flex_1_03,44
PTPN1,Flex_1_04,41
PTPN1,Flex_1_05,58
PTPN1,Flex_1_06,39
PTPN1,Flex_1_07,45
PTPN1,Flex_1_08,53
PTPN1,Flex_1_09,44
PTPN1,Flex_1_10,45
PTPN1,Flex_1_11,46
PTPN1,Flex_1_12,35
PTPN1,Flex_1_13,55
PTPN1,Flex_1_14,40
PTPN1,Flex_1_15,59
PTPN1,Flex_1_16,39
PTPN1,Flex_2_01,45
PTPN1,Flex_2_02,49
PTPN1,Flex_2_03,43
PTPN1,Flex_2_04,43
PTPN1,Flex_2_05,43
PTPN1,Flex_2_06,41
PTPN1,Flex_2_07,60
PTPN1,Flex_2_08,45
PTPN1,Flex_2_09,43
PTPN1,Flex_2_10,48
PTPN1,Flex_2_11,43
PTPN1,Flex_2_12,40
PTPN1,Flex_2_13,32
PTPN1,Flex_2_14,46
PTPN1,Flex_2_15,46
PTPN1,Flex_2_16,42
PTPN1,Flex_3_01,37
PTPN1,Flex_3_02,50
PTPN1,Flex_3_03,46
PTPN1,Flex_3_04,35
PTPN1,Flex_3_05,51
PTPN1,Flex_3_06,51
PTPN1,Flex_3_07,63
PTPN1,Flex_3_08,59
PTPN1,Flex_3_09,47
PTPN1,Flex_3_10,49
PTPN1,Flex_3_11,67
PTPN1,Flex_3_12,46
PTPN1,Flex_3_13,46
PTPN1,Flex_3_14,54
PTPN1,Flex_3_15,30
PTPN1,Flex_3_16,47
RAF1,Flex_1_01,8
RAF1,Flex_1_02,13
RAF1,Flex_1_03,17
RAF1,Flex_1_04,18
RAF1,Flex_1_05,17
RAF1,Flex_1_06,19
RAF1,Flex_1_07,12
RAF1,Flex_1_08,22
RAF1,Flex_1_09,15
RAF1,Flex_1_10,18
RAF1,Flex_1_11,17
RAF1,Flex_1_12,18
RAF1,Flex_1_13,18
RAF1,Flex_1_14,11
RAF1,Flex_1_15,21
RAF1,Flex_1_16,21
RAF1,Flex_2_01,12
RAF1,Flex_2_02,11
RAF1,Flex_2_03,21
RAF1,Flex_2_04,16
RAF1,Flex_2_05,23
RAF1,Flex_2_06,8
RAF1,Flex_2_07,27
RAF1,Flex_2_08,9
RAF1,Flex_2_09,8
RAF1,Flex_2_10,16
RAF1,Flex_2_11,12
RAF1,Flex_2_12,14
RAF1,Flex_2_13,16
RAF1,Flex_2_14,17
RAF1,Flex_2_15,11
RAF1,Flex_2_16,19
RAF1,Flex_3_01,25
RAF1,Flex_3_02,15
RAF1,Flex_3_03,17
RAF1,Flex_3_04,19
RAF1,Flex_3_05,12
RAF1,Flex_3_06,20
RAF1,Flex_3_07,17
RAF1,Flex_3_08,14
RAF1,Flex_3_09,15
RAF1,Flex_3_10,22
RAF1,Flex_3_11,13
RAF1,Flex_3_12,12
RAF1,Flex_3_13,24
RAF1,Flex_3_14,15
RAF1,Flex_3_15,24
RAF1,Flex_3_16,22
RNF20,Flex_1_01,1
RNF20,Flex_1_02,2
RNF20,Flex_1_03,3
RNF20,Flex_1_04,1
RNF20,Flex_1_05,0
RNF20,Flex_1_06,2
RNF20,Flex_1_07,2
RNF20,Flex_1_08,0
RNF20,Flex_1_09,1
RNF20,Flex_1_10,1
RNF20,Flex_1_11,1
RNF20,Flex_1_12,0
RNF20,Flex_1_13,2
RNF20,Flex_1_14,0
RNF20,Flex_1_15,0
RNF20,Flex_1_16,1
RNF20,Flex_2_01,0
RNF20,Flex_2_02,0
RNF20,Flex_2_03,0
RNF20,Flex_2_04,1
RNF20,Flex_2_05,0
RNF20,Flex_2_06,1
RNF20,Flex_2_07,0
RNF20,Flex_2_08,0
RNF20,Flex_2_09,1
RNF20,Flex_2_10,0
RNF20,Flex_2_11,2
RNF20,Flex_2_12,0
RNF20,Flex_2_13,3
RNF20,Flex_2_14,1
RNF20,Flex_2_15,2
RNF20,Flex_2_16,0
RNF20,Flex_3_01,1
RNF20,Flex_3_02,0
RNF20,Flex_3_03,3
RNF20,Flex_3_04,1
RNF20,Flex_3_05,2
RNF20,Flex_3_06,1
RNF20,Flex_3_07,1
RNF20,Flex_3_08,1
RNF20,Flex_3_09,3
RNF20,Flex_3_10,1
RNF20,Flex_3_11,0
RNF20,Flex_3_12,1
RNF20,Flex_3_13,2
RNF20,Flex_3_14,0
RNF20,Flex_3_15,1
RNF20,Flex_3_16,1
RRM1,Flex_1_01,12
RRM1,Flex_1_02,8
RRM1,Flex_1_03,11
RRM1,Flex_1_04,13
RRM1,Flex_1_05,19
RRM1,Flex_1_06,9
RRM1,Flex_1_07,11
RRM1,Flex_1_08,15
RRM1,Flex_1_09,10
RRM1,Flex_1_10,11
RRM1,Flex_1_11,14
RRM1,Flex_1_12,15
RRM1,Flex_1_13,9
RRM1,Flex_1_14,9
RRM1,Flex_1_15,16
RRM1,Flex_1_16,11
RRM1,Flex_2_01,14
RRM1,Flex_2_02,15
RRM1,Flex_2_03,13
RRM1,Flex_2_04,18
RRM1,Flex_2_05,8
RRM1,Flex_2_06,11
RRM1,Flex_2_07,11
RRM1,Flex_2_08,15
RRM1,Flex_2_09,15
RRM1,Flex_2_10,16
RRM1,Flex_2_11,7
RRM1,Flex_2_12,25
RRM1,Flex_2_13,14
RRM1,Flex_2_14,8
RRM1,Flex_2_15,16
RRM1,Flex_2_16,15
RRM1,Flex_3_01,17
RRM1,Flex_3_02,10
RRM1,Flex_3_03,10
RRM1,Flex_3_04,15
RRM1,Flex_3_05,15
RRM1,Flex_3_06,16
RRM1,Flex_3_07,12
RRM1,Flex_3_08,18
RRM1,Flex_3_09,8
RRM1,Flex_3_10,13
RRM1,Flex_3_11,11
RRM1,Flex_3_12,10
RRM1,Flex_3_13,20
RRM1,Flex_3_14,21
RRM1,Flex_3_15,20
RRM1,Flex_3_16,8
SAFB,Flex_1_01,13
SAFB,Flex_1_02,14
SAFB,Flex_1_03,8
SAFB,Flex_1_04,13
SAFB,Flex_1_05,19
SAFB,Flex_1_06,11
SAFB,Flex_1_07,13
SAFB,Flex_1_08,15
SAFB,Flex_1_09,19
SAFB,Flex_1_10,11
SAFB,Flex_1_11,11
SAFB,Flex_1_12,20
SAFB,Flex_1_13,17
SAFB,Flex_1_14,14
SAFB,Flex_1_15,25
SAFB,Flex_1_16,11
SAFB,Flex_2_01,20
SAFB,Flex_2_02,20
SAFB,Flex_2_03,18
SAFB,Flex_2_04,14
SAFB,Flex_2_05,18
SAFB,Flex_2_06,25
SAFB,Flex_2_07,19
SAFB,Flex_2_08,18
SAFB,Flex_2_09,18
SAFB,Flex_2_10,12
SAFB,Flex_2_11,13
SAFB,Flex_2_12,13
SAFB,Flex_2_13,20
SAFB,Flex_2_14,13
SAFB,Flex_2_15,23
SAFB,Flex_2_16,18
SAFB,Flex_3_01,19
SAFB,Flex_3_02,15
SAFB,Flex_3_03,20
SAFB,Flex_3_04,25
SAFB,Flex_3_05,20
SAFB,Flex_3_06,19
SAFB,Flex_3_07,28
SAFB,Flex_3_08,19
SAFB,Flex_3_09,25
SAFB,Flex_3_10,22
SAFB,Flex_3_11,16
SAFB,Flex_3_12,10
SAFB,Flex_3_13,24
SAFB,Flex_3_14,20
SAFB,Flex_3_15,17
SAFB,Flex_3_16,12
SALL4,Flex_1_01,7
SALL4,Flex_1_02,3
SALL4,Flex_1_03,3
SALL4,Flex_1_04,5
SALL4,Flex_1_05,2
SALL4,Flex_1_06,2
SALL4,Flex_1_07,0
SALL4,Flex_1_08,3
SALL4,Flex_1_09,3
SALL4,Flex_1_10,4
SALL4,Flex_1_11,5
SALL4,Flex_1_12,1
SALL4,Flex_1_13,4
SALL4,Flex_1_14,3
SALL4,Flex_1_15,5
SALL4,Flex_1_16,0
SALL4,Flex_2_01,7
SALL4,Flex_2_02,7
SALL4,Flex_2_03,3
SALL4,Flex_2_04,5
SALL4,Flex_2_05,4
SALL4,Flex_2_06,1
SALL4,Flex_2_07,1
SALL4,Flex_2_08,3
SALL4,Flex_2_09,0
SALL4,Flex_2_10,1
SALL4,Flex_2_11,4
SALL4,Flex_2_12,7
SALL4,Flex_2_13,4
SALL4,Flex_2_14,4
SALL4,Flex_2_15,3
SALL4,Flex_2_16,3
SALL4,Flex_3_01,7
SALL4,Flex_3_02,4
SALL4,Flex_3_03,4
SALL4,Flex_3_04,4
SALL4,Flex_3_05,5
SALL4,Flex_3_06,5
SALL4,Flex_3_07,4
SALL4,Flex_3_08,7
SALL4,Flex_3_09,9
SALL4,Flex_3_10,6
SALL4,Flex_3_11,4
SALL4,Flex_3_12,2
SALL4,Flex_3_13,3
SALL4,Flex_3_14,4
SALL4,Flex_3_15,3
SALL4,Flex_3_16,2
SDC1,Flex_1_01,4
SDC1,Flex_1_02,7
SDC1,Flex_1_03,5
SDC1,Flex_1_04,12
SDC1,Flex_1_05,1
SDC1,Flex_1_06,7
SDC1,Flex_1_07,6
SDC1,Flex_1_08,1
SDC1,Flex_1_09,5
SDC1,Flex_1_10,4
SDC1,Flex_1_11,1
SDC1,Flex_1_12,1
SDC1,Flex_1_13,4
SDC1,Flex_1_14,3
SDC1,Flex_1_15,6
SDC1,Flex_1_16,3
SDC1,Flex_2_01,9
SDC1,Flex_2_02,6
SDC1,Flex_2_03,4
SDC1,Flex_2_04,2
SDC1,Flex_2_05,3
SDC1,Flex_2_06,2
SDC1,Flex_2_07,6
SDC1,Flex_2_08,6
SDC1,Flex_2_09,5
SDC1,Flex_2_10,4
SDC1,Flex_2_11,4
SDC1,Flex_2_12,5
SDC1,Flex_2_13,3
SDC1,Flex_2_14,9
SDC1,Flex_2_15,4
SDC1,Flex_2_16,6
SDC1,Flex_3_01,6
SDC1,Flex_3_02,6
SDC1,Flex_3_03,7
SDC1,Flex_3_04,1
SDC1,Flex_3_05,4
SDC1,Flex_3_06,2
SDC1,Flex_3_07,2
SDC1,Flex_3_08,7
SDC1,Flex_3_09,3
SDC1,Flex_3_10,7
SDC1,Flex_3_11,2
SDC1,Flex_3_12,4
SDC1,Flex_3_13,3
SDC1,Flex_3_14,4
SDC1,Flex_3_15,3
SDC1,Flex_3_16,6
SEC62,Flex_1_01,7
SEC62,Flex_1_02,9
SEC62,Flex_1_03,9
SEC62,Flex_1_04,4
SEC62,Flex_1_05,5
SEC62,Flex_1_06,5
SEC62,Flex_1_07,5
SEC62,Flex_1_08,6
SEC62,Flex_1_09,10
SEC62,Flex_1_10,9
SEC62,Flex_1_11,5
SEC62,Flex_1_12,4
SEC62,Flex_1_13,7
SEC62,Flex_1_14,8
SEC62,Flex_1_15,7
SEC62,Flex_1_16,11
SEC62,Flex_2_01,8
SEC62,Flex_2_02,4
SEC62,Flex_2_03,7
SEC62,Flex_2_04,7
SEC62,Flex_2_05,7
SEC62,Flex_2_06,4
SEC62,Flex_2_07,3
SEC62,Flex_2_08,6
SEC62,Flex_2_09,1
SEC62,Flex_2_10,5
SEC62,Flex_2_11,3
SEC62,Flex_2_12,2
SEC62,Flex_2_13,8
SEC62,Flex_2_14,1
SEC62,Flex_2_15,7
SEC62,Flex_2_16,6
SEC62,Flex_3_01,6
SEC62,Flex_3_02,6
SEC62,Flex_3_03,5
SEC62,Flex_3_04,0
SEC62,Flex_3_05,10
SEC62,Flex_3_06,7
SEC62,Flex_3_07,2
SEC62,Flex_3_08,7
SEC62,Flex_3_09,6
SEC62,Flex_3_10,6
SEC62,Flex_3_11,9
SEC62,Flex_3_12,3
SEC62,Flex_3_13,8
SEC62,Flex_3_14,10
SEC62,Flex_3_15,6
SEC62,Flex_3_16,5
SHPRH,Flex_1_01,4
SHPRH,Flex_1_02,2
SHPRH,Flex_1_03,4
SHPRH,Flex_1_04,4
SHPRH,Flex_1_05,6
SHPRH,Flex_1_06,10
SHPRH,Flex_1_07,3
SHPRH,Flex_1_08,7
SHPRH,Flex_1_09,5
SHPRH,Flex_1_10,6
SHPRH,Flex_1_11,6
SHPRH,Flex_1_12,2
SHPRH,Flex_1_13,7
SHPRH,Flex_1_14,7
SHPRH,Flex_1_15,4
SHPRH,Flex_1_16,2
SHPRH,Flex_2_01,2
SHPRH,Flex_2_02,7
SHPRH,Flex_2_03,6
SHPRH,Flex_2_04,3
SHPRH,Flex_2_05,1
SHPRH,Flex_2_06,6
SHPRH,Flex_2_07,3
SHPRH,Flex_2_08,7
SHPRH,Flex_2_09,4
SHPRH,Flex_2_10,1
SHPRH,Flex_2_11,5
SHPRH,Flex_2_12,5
SHPRH,Flex_2_13,8
SHPRH,Flex_2_14,11
SHPRH,Flex_2_15,4
SHPRH,Flex_2_16,4
SHPRH,Flex_3_01,2
SHPRH,Flex_3_02,3
SHPRH,Flex_3_03,4
SHPRH,Flex_3_04,5
SHPRH,Flex_3_05,5
SHPRH,Flex_3_06,3
SHPRH,Flex_3_07,6
SHPRH,Flex_3_08,9
SHPRH,Flex_3_09,7
SHPRH,Flex_3_10,3
SHPRH,Flex_3_11,3
SHPRH,Flex_3_12,6
SHPRH,Flex_3_13,7
SHPRH,Flex_3_14,8
SHPRH,Flex_3_15,6
SHPRH,Flex_3_16,8
SIX4,Flex_1_01,27
SIX4,Flex_1_02,14
SIX4,Flex_1_03,14
SIX4,Flex_1_04,12
SIX4,Flex_1_05,10
SIX4,Flex_1_06,21
SIX4,Flex_1_07,4
SIX4,Flex_1_08,14
SIX4,Flex_1_09,8
SIX4,Flex_1_10,15
SIX4,Flex_1_11,14
SIX4,Flex_1_12,15
SIX4,Flex_1_13,15
SIX4,Flex_1_14,10
SIX4,Flex_1_15,17
SIX4,Flex_1_16,16
SIX4,Flex_2_01,14
SIX4,Flex_2_02,17
SIX4,Flex_2_03,9
SIX4,Flex_2_04,13
SIX4,Flex_2_05,12
SIX4,Flex_2_06,9
SIX4,Flex_2_07,7
SIX4,Flex_2_08,20
SIX4,Flex_2_09,12
SIX4,Flex_2_10,10
SIX4,Flex_2_11,5
SIX4,Flex_2_12,7
SIX4,Flex_2_13,13
SIX4,Flex_2_14,11
SIX4,Flex_2_15,12
SIX4,Flex_2_16,15
SIX4,Flex_3_01,10
SIX4,Flex_3_02,9
SIX4,Flex_3_03,23
SIX4,Flex_3_04,9
SIX4,Flex_3_05,18
SIX4,Flex_3_06,14
SIX4,Flex_3_07,15
SIX4,Flex_3_08,18
SIX4,Flex_3_09,11
SIX4,Flex_3_10,24
SIX4,Flex_3_11,17
SIX4,Flex_3_12,12
SIX4,Flex_3_13,17
SIX4,Flex_3_14,11
SIX4,Flex_3_15,12
SIX4,Flex_3_16,10
SLC25A3,Flex_1_01,17
SLC25A3,Flex_1_02,23
SLC25A3,Flex_1_03,13
SLC25A3,Flex_1_04,18
SLC25A3,Flex_1_05,20
SLC25A3,Flex_1_06,24
SLC25A3,Flex_1_07,14
SLC25A3,Flex_1_08,22
SLC25A3,Flex_1_09,18
SLC25A3,Flex_1_10,14
SLC25A3,Flex_1_11,12
SLC25A3,Flex_1_12,7
SLC25A3,Flex_1_13,21
SLC25A3,Flex_1_14,13
SLC25A3,Flex_1_15,15
SLC25A3,Flex_1_16,10
SLC25A3,Flex_2_01,18
SLC25A3,Flex_2_02,22
SLC25A3,Flex_2_03,23
SLC25A3,Flex_2_04,16
SLC25A3,Flex_2_05,19
SLC25A3,Flex_2_06,22
SLC25A3,Flex_2_07,10
SLC25A3,Flex_2_08,18
SLC25A3,Flex_2_09,16
SLC25A3,Flex_2_10,17
SLC25A3,Flex_2_11,20
SLC25A3,Flex_2_12,14
SLC25A3,Flex_2_13,14
SLC25A3,Flex_2_14,13
SLC25A3,Flex_2_15,17
SLC25A3,Flex_2_16,19
SLC25A3,Flex_3_01,15
SLC25A3,Flex_3_02,16
SLC25A3,Flex_3_03,21
SLC25A3,Flex_3_04,11
SLC25A3,Flex_3_05,15
SLC25A3,Flex_3_06,22
SLC25A3,Flex_3_07,14
SLC25A3,Flex_3_08,16
SLC25A3,Flex_3_09,16
SLC25A3,Flex_3_10,23
SLC25A3,Flex_3_11,14
SLC25A3,Flex_3_12,10
SLC25A3,Flex_3_13,11
SLC25A3,Flex_3_14,24
SLC25A3,Flex_3_15,22
SLC25A3,Flex_3_16,16
SMAGP,Flex_1_01,11
SMAGP,Flex_1_02,11
SMAGP,Flex_1_03,16
SMAGP,Flex_1_04,9
SMAGP,Flex_1_05,19
SMAGP,Flex_1_06,12
SMAGP,Flex_1_07,19
SMAGP,Flex_1_08,14
SMAGP,Flex_1_09,20
SMAGP,Flex_1_10,14
SMAGP,Flex_1_11,19
SMAGP,Flex_1_12,12
SMAGP,Flex_1_13,13
SMAGP,Flex_1_14,9
SMAGP,Flex_1_15,12
SMAGP,Flex_1_16,17
SMAGP,Flex_2_01,15
SMAGP,Flex_2_02,26
SMAGP,Flex_2_03,14
SMAGP,Flex_2_04,17
SMAGP,Flex_2_05,18
SMAGP,Flex_2_06,27
SMAGP,Flex_2_07,15
SMAGP,Flex_2_08,20
SMAGP,Flex_2_09,9
SMAGP,Flex_2_10,18
SMAGP,Flex_2_11,20
SMAGP,Flex_2_12,23
SMAGP,Flex_2_13,18
SMAGP,Flex_2_14,14
SMAGP,Flex_2_15,21
SMAGP,Flex_2_16,20
SMAGP,Flex_3_01,18
SMAGP,Flex_3_02,13
SMAGP,Flex_3_03,18
SMAGP,Flex_3_04,22
SMAGP,Flex_3_05,14
SMAGP,Flex_3_06,21
SMAGP,Flex_3_07,12
SMAGP,Flex_3_08,11
SMAGP,Flex_3_09,14
SMAGP,Flex_3_10,26
SMAGP,Flex_3_11,19
SMAGP,Flex_3_12,20
SMAGP,Flex_3_13,15
SMAGP,Flex_3_14,16
SMAGP,Flex_3_15,11
SMAGP,Flex_3_16,16
SOX2,Flex_1_01,15
SOX2,Flex_1_02,18
SOX2,Flex_1_03,20
SOX2,Flex_1_04,16
SOX2,Flex_1_05,17
SOX2,Flex_1_06,7
SOX2,Flex_1_07,12
SOX2,Flex_1_08,15
SOX2,Flex_1_09,16
SOX2,Flex_1_10,14
SOX2,Flex_1_11,22
SOX2,Flex_1_12,17
SOX2,Flex_1_13,23
SOX2,Flex_1_14,19
SOX2,Flex_1_15,8
SOX2,Flex_1_16,14
SOX2,Flex_2_01,19
SOX2,Flex_2_02,18
SOX2,Flex_2_03,12
SOX2,Flex_2_04,20
SOX2,Flex_2_05,21
SOX2,Flex_2_06,16
SOX2,Flex_2_07,18
SOX2,Flex_2_08,11
SOX2,Flex_2_09,14
SOX2,Flex_2_10,14
SOX2,Flex_2_11,17
SOX2,Flex_2_12,12
SOX2,Flex_2_13,17
SOX2,Flex_2_14,18
SOX2,Flex_2_15,16
SOX2,Flex_2_16,24
SOX2,Flex_3_01,21
SOX2,Flex_3_02,18
SOX2,Flex_3_03,14
SOX2,Flex_3_04,17
SOX2,Flex_3_05,22
SOX2,Flex_3_06,20
SOX2,Flex_3_07,11
SOX2,Flex_3_08,19
SOX2,Flex_3_09,17
SOX2,Flex_3_10,21
SOX2,Flex_3_11,20
SOX2,Flex_3_12,13
SOX2,Flex_3_13,26
SOX2,Flex_3_14,19
SOX2,Flex_3_15,15
SOX2,Flex_3_16,13
SSBP1,Flex_1_01,20
SSBP1,Flex_1_02,26
SSBP1,Flex_1_03,19
SSBP1,Flex_1_04,12
SSBP1,Flex_1_05,19
SSBP1,Flex_1_06,24
SSBP1,Flex_1_07,16
SSBP1,Flex_1_08,20
SSBP1,Flex_1_09,10
SSBP1,Flex_1_10,14
SSBP1,Flex_1_11,14
SSBP1,Flex_1_12,19
SSBP1,Flex_1_13,24
SSBP1,Flex_1_14,18
SSBP1,Flex_1_15,14
SSBP1,Flex_1_16,20
SSBP1,Flex_2_01,20
SSBP1,Flex_2_02,17
SSBP1,Flex_2_03,15
SSBP1,Flex_2_04,23
SSBP1,Flex_2_05,16
SSBP1,Flex_2_06,25
SSBP1,Flex_2_07,14
SSBP1,Flex_2_08,15
SSBP1,Flex_2_09,14
SSBP1,Flex_2_10,23
SSBP1,Flex_2_11,14
SSBP1,Flex_2_12,14
SSBP1,Flex_2_13,22
SSBP1,Flex_2_14,23
SSBP1,Flex_2_15,23
SSBP1,Flex_2_16,16
SSBP1,Flex_3_01,18
SSBP1,Flex_3_02,24
SSBP1,Flex_3_03,21
SSBP1,Flex_3_04,15
SSBP1,Flex_3_05,19
SSBP1,Flex_3_06,28
SSBP1,Flex_3_07,21
SSBP1,Flex_3_08,22
SSBP1,Flex_3_09,20
SSBP1,Flex_3_10,22
SSBP1,Flex_3_11,26
SSBP1,Flex_3_12,20
SSBP1,Flex_3_13,16
SSBP1,Flex_3_14,15
SSBP1,Flex_3_15,21
SSBP1,Flex_3_16,14
STAT6,Flex_1_01,18
STAT6,Flex_1_02,11
STAT6,Flex_1_03,13
STAT6,Flex_1_04,18
STAT6,Flex_1_05,14
STAT6,Flex_1_06,16
STAT6,Flex_1_07,16
STAT6,Flex_1_08,18
STAT6,Flex_1_09,17
STAT6,Flex_1_10,16
STAT6,Flex_1_11,12
STAT6,Flex_1_12,14
STAT6,Flex_1_13,15
STAT6,Flex_1_14,14
STAT6,Flex_1_15,24
STAT6,Flex_1_16,7
STAT6,Flex_2_01,15
STAT6,Flex_2_02,30
STAT6,Flex_2_03,25
STAT6,Flex_2_04,21
STAT6,Flex_2_05,12
STAT6,Flex_2_06,13
STAT6,Flex_2_07,22
STAT6,Flex_2_08,28
STAT6,Flex_2_09,13
STAT6,Flex_2_10,16
STAT6,Flex_2_11,14
STAT6,Flex_2_12,10
STAT6,Flex_2_13,20
STAT6,Flex_2_14,17
STAT6,Flex_2_15,26
STAT6,Flex_2_16,14
STAT6,Flex_3_01,16
STAT6,Flex_3_02,21
STAT6,Flex_3_03,21
STAT6,Flex_3_04,16
STAT6,Flex_3_05,12
STAT6,Flex_3_06,19
STAT6,Flex_3_07,26
STAT6,Flex_3_08,20
STAT6,Flex_3_09,20
STAT6,Flex_3_10,20
STAT6,Flex_3_11,17
STAT6,Flex_3_12,20
STAT6,Flex_3_13,23
STAT6,Flex_3_14,24
STAT6,Flex_3_15,18
STAT6,Flex_3_16,26
STX4,Flex_1_01,24
STX4,Flex_1_02,25
STX4,Flex_1_03,23
STX4,Flex_1_04,31
STX4,Flex_1_05,29
STX4,Flex_1_06,17
STX4,Flex_1_07,24
STX4,Flex_1_08,25
STX4,Flex_1_09,28
STX4,Flex_1_10,24
STX4,Flex_1_11,24
STX4,Flex_1_12,24
STX4,Flex_1_13,29
STX4,Flex_1_14,24
STX4,Flex_1_15,26
STX4,Flex_1_16,40
STX4,Flex_2_01,16
STX4,Flex_2_02,18
STX4,Flex_2_03,25
STX4,Flex_2_04,27
STX4,Flex_2_05,33
STX4,Flex_2_06,24
STX4,Flex_2_07,16
STX4,Flex_2_08,22
STX4,Flex_2_09,23
STX4,Flex_2_10,26
STX4,Flex_2_11,25
STX4,Flex_2_12,21
STX4,Flex_2_13,30
STX4,Flex_2_14,21
STX4,Flex_2_15,16
STX4,Flex_2_16,31
STX4,Flex_3_01,22
STX4,Flex_3_02,17
STX4,Flex_3_03,27
STX4,Flex_3_04,39
STX4,Flex_3_05,26
STX4,Flex_3_06,22
STX4,Flex_3_07,26
STX4,Flex_3_08,27
STX4,Flex_3_09,22
STX4,Flex_3_10,26
STX4,Flex_3_11,34
STX4,Flex_3_12,32
STX4,Flex_3_13,30
STX4,Flex_3_14,37
STX4,Flex_3_15,40
STX4,Flex_3_16,31
SUPT4H1,Flex_1_01,4
SUPT4H1,Flex_1_02,3
SUPT4H1,Flex_1_03,6
SUPT4H1,Flex_1_04,8
SUPT4H1,Flex_1_05,5
SUPT4H1,Flex_1_06,7
SUPT4H1,Flex_1_07,4
SUPT4H1,Flex_1_08,6
SUPT4H1,Flex_1_09,4
SUPT4H1,Flex_1_10,8
SUPT4H1,Flex_1_11,6
SUPT4H1,Flex_1_12,9
SUPT4H1,Flex_1_13,7
SUPT4H1,Flex_1_14,2
SUPT4H1,Flex_1_15,6
SUPT4H1,Flex_1_16,7
SUPT4H1,Flex_2_01,7
SUPT4H1,Flex_2_02,8
SUPT4H1,Flex_2_03,7
SUPT4H1,Flex_2_04,11
SUPT4H1,Flex_2_05,8
SUPT4H1,Flex_2_06,13
SUPT4H1,Flex_2_07,6
SUPT4H1,Flex_2_08,12
SUPT4H1,Flex_2_09,10
SUPT4H1,Flex_2_10,6
SUPT4H1,Flex_2_11,9
SUPT4H1,Flex_2_12,4
SUPT4H1,Flex_2_13,5
SUPT4H1,Flex_2_14,11
SUPT4H1,Flex_2_15,9
SUPT4H1,Flex_2_16,5
SUPT4H1,Flex_3_01,14
SUPT4H1,Flex_3_02,8
SUPT4H1,Flex_3_03,3
SUPT4H1,Flex_3_04,2
SUPT4H1,Flex_3_05,7
SUPT4H1,Flex_3_06,10
SUPT4H1,Flex_3_07,5
SUPT4H1,Flex_3_08,6
SUPT4H1,Flex_3_09,7
SUPT4H1,Flex_3_10,12
SUPT4H1,Flex_3_11,17
SUPT4H1,Flex_3_12,10
SUPT4H1,Flex_3_13,10
SUPT4H1,Flex_3_14,16
SUPT4H1,Flex_3_15,10
SUPT4H1,Flex_3_16,4
SV2A,Flex_1_01,9
SV2A,Flex_1_02,16
SV2A,Flex_1_03,15
SV2A,Flex_1_04,9
SV2A,Flex_1_05,10
SV2A,Flex_1_06,10
SV2A,Flex_1_07,12
SV2A,Flex_1_08,15
SV2A,Flex_1_09,6
SV2A,Flex_1_10,14
SV2A,Flex_1_11,11
SV2A,Flex_1_12,15
SV2A,Flex_1_13,12
SV2A,Flex_1_14,15
SV2A,Flex_1_15,4
SV2A,Flex_1_16,13
SV2A,Flex_2_01,7
SV2A,Flex_2_02,14
SV2A,Flex_2_03,15
SV2A,Flex_2_04,11
SV2A,Flex_2_05,12
SV2A,Flex_2_06,11
SV2A,Flex_2_07,7
SV2A,Flex_2_08,11
SV2A,Flex_2_09,11
SV2A,Flex_2_10,12
SV2A,Flex_2_11,14
SV2A,Flex_2_12,7
SV2A,Flex_2_13,11
SV2A,Flex_2_14,10
SV2A,Flex_2_15,10
SV2A,Flex_2_16,5
SV2A,Flex_3_01,24
SV2A,Flex_3_02,16
SV2A,Flex_3_03,19
SV2A,Flex_3_04,12
SV2A,Flex_3_05,8
SV2A,Flex_3_06,7
SV2A,Flex_3_07,15
SV2A,Flex_3_08,15
SV2A,Flex_3_09,13
SV2A,Flex_3_10,12
SV2A,Flex_3_11,18
SV2A,Flex_3_12,11
SV2A,Flex_3_13,17
SV2A,Flex_3_14,12
SV2A,Flex_3_15,12
SV2A,Flex_3_16,15
TAF13,Flex_1_01,6
TAF13,Flex_1_02,4
TAF13,Flex_1_03,1
TAF13,Flex_1_04,3
TAF13,Flex_1_05,6
TAF13,Flex_1_06,1
TAF13,Flex_1_07,3
TAF13,Flex_1_08,8
TAF13,Flex_1_09,2
TAF13,Flex_1_10,2
TAF13,Flex_1_11,2
TAF13,Flex_1_12,0
TAF13,Flex_1_13,1
TAF13,Flex_1_14,2
TAF13,Flex_1_15,1
TAF13,Flex_1_16,1
TAF13,Flex_2_01,6
TAF13,Flex_2_02,2
TAF13,Flex_2_03,5
TAF13,Flex_2_04,3
TAF13,Flex_2_05,3
TAF13,Flex_2_06,2
TAF13,Flex_2_07,1
TAF13,Flex_2_08,0
TAF13,Flex_2_09,5
TAF13,Flex_2_10,4
TAF13,Flex_2_11,4
TAF13,Flex_2_12,5
TAF13,Flex_2_13,4
TAF13,Flex_2_14,3
TAF13,Flex_2_15,2
TAF13,Flex_2_16,1
TAF13,Flex_3_01,2
TAF13,Flex_3_02,2
TAF13,Flex_3_03,4
TAF13,Flex_3_04,2
TAF13,Flex_3_05,2
TAF13,Flex_3_06,4
TAF13,Flex_3_07,3
TAF13,Flex_3_08,4
TAF13,Flex_3_09,4
TAF13,Flex_3_10,2
TAF13,Flex_3_11,1
TAF13,Flex_3_12,2
TAF13,Flex_3_13,5
TAF13,Flex_3_14,1
TAF13,Flex_3_15,2
TAF13,Flex_3_16,5
TARBP2,Flex_1_01,51
TARBP2,Flex_1_02,32
TARBP2,Flex_1_03,33
TARBP2,Flex_1_04,38
TARBP2,Flex_1_05,37
TARBP2,Flex_1_06,35
TARBP2,Flex_1_07,42
TARBP2,Flex_1_08,44
TARBP2,Flex_1_09,39
TARBP2,Flex_1_10,41
TARBP2,Flex_1_11,45
TARBP2,Flex_1_12,46
TARBP2,Flex_1_13,33
TARBP2,Flex_1_14,45
TARBP2,Flex_1_15,38
TARBP2,Flex_1_16,26
TARBP2,Flex_2_01,38
TARBP2,Flex_2_02,33
TARBP2,Flex_2_03,42
TARBP2,Flex_2_04,41
TARBP2,Flex_2_05,54
TARBP2,Flex_2_06,57
TARBP2,Flex_2_07,43
TARBP2,Flex_2_08,44
TARBP2,Flex_2_09,40
TARBP2,Flex_2_10,35
TARBP2,Flex_2_11,51
TARBP2,Flex_2_12,31
TARBP2,Flex_2_13,45
TARBP2,Flex_2_14,50
TARBP2,Flex_2_15,35
TARBP2,Flex_2_16,40
TARBP2,Flex_3_01,38
TARBP2,Flex_3_02,44
TARBP2,Flex_3_03,67
TARBP2,Flex_3_04,47
TARBP2,Flex_3_05,53
TARBP2,Flex_3_06,43
TARBP2,Flex_3_07,44
TARBP2,Flex_3_08,53
TARBP2,Flex_3_09,39
TARBP2,Flex_3_10,43
TARBP2,Flex_3_11,38
TARBP2,Flex_3_12,36
TARBP2,Flex_3_13,43
TARBP2,Flex_3_14,39
TARBP2,Flex_3_15,56
TARBP2,Flex_3_16,45
TAZ,Flex_1_01,13
TAZ,Flex_1_02,19
TAZ,Flex_1_03,10
TAZ,Flex_1_04,16
TAZ,Flex_1_05,15
TAZ,Flex_1_06,16
TAZ,Flex_1_07,9
TAZ,Flex_1_08,16
TAZ,Flex_1_09,17
TAZ,Flex_1_10,16
TAZ,Flex_1_11,11
TAZ,Flex_1_12,21
TAZ,Flex_1_13,15
TAZ,Flex_1_14,7
TAZ,Flex_1_15,14
TAZ,Flex_1_16,11
TAZ,Flex_2_01,17
TAZ,Flex_2_02,18
TAZ,Flex_2_03,9
TAZ,Flex_2_04,18
TAZ,Flex_2_05,13
TAZ,Flex_2_06,11
TAZ,Flex_2_07,14
TAZ,Flex_2_08,14
TAZ,Flex_2_09,21
TAZ,Flex_2_10,14
TAZ,Flex_2_11,24
TAZ,Flex_2_12,20
TAZ,Flex_2_13,15
TAZ,Flex_2_14,18
TAZ,Flex_2_15,11
TAZ,Flex_2_16,8
TAZ,Flex_3_01,12
TAZ,Flex_3_02,23
TAZ,Flex_3_03,6
TAZ,Flex_3_04,28
TAZ,Flex_3_05,17
TAZ,Flex_3_06,17
TAZ,Flex_3_07,17
TAZ,Flex_3_08,20
TAZ,Flex_3_09,16
TAZ,Flex_3_10,18
TAZ,Flex_3_11,8
TAZ,Flex_3_12,18
TAZ,Flex_3_13,17
TAZ,Flex_3_14,18
TAZ,Flex_3_15,28
TAZ,Flex_3_16,15
TET1,Flex_1_01,47
TET1,Flex_1_02,45
TET1,Flex_1_03,46
TET1,Flex_1_04,54
TET1,Flex_1_05,59
TET1,Flex_1_06,62
TET1,Flex_1_07,62
TET1,Flex_1_08,39
TET1,Flex_1_09,36
TET1,Flex_1_10,49
TET1,Flex_1_11,57
TET1,Flex_1_12,36
TET1,Flex_1_13,51
TET1,Flex_1_14,50
TET1,Flex_1_15,45
TET1,Flex_1_16,59
TET1,Flex_2_01,58
TET1,Flex_2_02,49
TET1,Flex_2_03,45
TET1,Flex_2_04,52
TET1,Flex_2_05,55
TET1,Flex_2_06,59
TET1,Flex_2_07,52
TET1,Flex_2_08,50
TET1,Flex_2_09,52
TET1,Flex_2_10,43
TET1,Flex_2_11,51
TET1,Flex_2_12,53
TET1,Flex_2_13,46
TET1,Flex_2_14,43
TET1,Flex_2_15,42
TET1,Flex_2_16,62
TET1,Flex_3_01,53
TET1,Flex_3_02,44
TET1,Flex_3_03,56
TET1,Flex_3_04,48
TET1,Flex_3_05,53
TET1,Flex_3_06,39
TET1,Flex_3_07,42
TET1,Flex_3_08,51
TET1,Flex_3_09,53
TET1,Flex_3_10,60
TET1,Flex_3_11,56
TET1,Flex_3_12,53
TET1,Flex_3_13,52
TET1,Flex_3_14,42
TET1,Flex_3_15,58
TET1,Flex_3_16,59
TFAM,Flex_1_01,25
TFAM,Flex_1_02,18
TFAM,Flex_1_03,27
TFAM,Flex_1_04,28
TFAM,Flex_1_05,25
TFAM,Flex_1_06,26
TFAM,Flex_1_07,21
TFAM,Flex_1_08,19
TFAM,Flex_1_09,18
TFAM,Flex_1_10,38
TFAM,Flex_1_11,26
TFAM,Flex_1_12,21
TFAM,Flex_1_13,22
TFAM,Flex_1_14,23
TFAM,Flex_1_15,22
TFAM,Flex_1_16,15
TFAM,Flex_2_01,18
TFAM,Flex_2_02,20
TFAM,Flex_2_03,23
TFAM,Flex_2_04,26
TFAM,Flex_2_05,23
TFAM,Flex_2_06,27
TFAM,Flex_2_07,19
TFAM,Flex_2_08,18
TFAM,Flex_2_09,26
TFAM,Flex_2_10,29
TFAM,Flex_2_11,23
TFAM,Flex_2_12,13
TFAM,Flex_2_13,25
TFAM,Flex_2_14,19
TFAM,Flex_2_15,18
TFAM,Flex_2_16,24
TFAM,Flex_3_01,24
TFAM,Flex_3_02,27
TFAM,Flex_3_03,22
TFAM,Flex_3_04,27
TFAM,Flex_3_05,23
TFAM,Flex_3_06,16
TFAM,Flex_3_07,22
TFAM,Flex_3_08,30
TFAM,Flex_3_09,17
TFAM,Flex_3_10,23
TFAM,Flex_3_11,27
TFAM,Flex_3_12,15
TFAM,Flex_3_13,28
TFAM,Flex_3_14,31
TFAM,Flex_3_15,18
TFAM,Flex_3_16,30
TGFBR2,Flex_1_01,22
TGFBR2,Flex_1_02,26
TGFBR2,Flex_1_03,25
TGFBR2,Flex_1_04,37
TGFBR2,Flex_1_05,27
TGFBR2,Flex_1_06,31
TGFBR2,Flex_1_07,28
TGFBR2,Flex_1_08,22
TGFBR2,Flex_1_09,33
TGFBR2,Flex_1_10,38
TGFBR2,Flex_1_11,31
TGFBR2,Flex_1_12,27
TGFBR2,Flex_1_13,29
TGFBR2,Flex_1_14,31
TGFBR2,Flex_1_15,27
TGFBR2,Flex_1_16,25
TGFBR2,Flex_2_01,40
TGFBR2,Flex_2_02,28
TGFBR2,Flex_2_03,23
TGFBR2,Flex_2_04,28
TGFBR2,Flex_2_05,42
TGFBR2,Flex_2_06,32
TGFBR2,Flex_2_07,28
TGFBR2,Flex_2_08,36
TGFBR2,Flex_2_09,24
TGFBR2,Flex_2_10,29
TGFBR2,Flex_2_11,25
TGFBR2,Flex_2_12,33
TGFBR2,Flex_2_13,27
TGFBR2,Flex_2_14,35
TGFBR2,Flex_2_15,42
TGFBR2,Flex_2_16,31
TGFBR2,Flex_3_01,36
TGFBR2,Flex_3_02,30
TGFBR2,Flex_3_03,28
TGFBR2,Flex_3_04,43
TGFBR2,Flex_3_05,26
TGFBR2,Flex_3_06,38
TGFBR2,Flex_3_07,30
TGFBR2,Flex_3_08,28
TGFBR2,Flex_3_09,24
TGFBR2,Flex_3_10,30
TGFBR2,Flex_3_11,27
TGFBR2,Flex_3_12,28
TGFBR2,Flex_3_13,47
TGFBR2,Flex_3_14,46
TGFBR2,Flex_3_15,25
TGFBR2,Flex_3_16,26
TMSB4X,Flex_1_01,88
TMSB4X,Flex_1_02,109
TMSB4X,Flex_1_03,106
TMSB4X,Flex_1_04,99
TMSB4X,Flex_1_05,91
TMSB4X,Flex_1_06,102
TMSB4X,Flex_1_07,117
TMSB4X,Flex_1_08,90
TMSB4X,Flex_1_09,99
TMSB4X,Flex_1_10,86
TMSB4X,Flex_1_11,92
TMSB4X,Flex_1_12,111
TMSB4X,Flex_1_13,108
TMSB4X,Flex_1_14,101
TMSB4X,Flex_1_15,110
TMSB4X,Flex_1_16,84
TMSB4X,Flex_2_01,95
TMSB4X,Flex_2_02,103
TMSB4X,Flex_2_03,113
TMSB4X,Flex_2_04,99
TMSB4X,Flex_2_05,91
TMSB4X,Flex_2_06,84
TMSB4X,Flex_2_07,89
TMSB4X,Flex_2_08,112
TMSB4X,Flex_2_09,99
TMSB4X,Flex_2_10,115
TMSB4X,Flex_2_11,100
TMSB4X,Flex_2_12,74
TMSB4X,Flex_2_13,107
TMSB4X,Flex_2_14,84
TMSB4X,Flex_2_15,118
TMSB4X,Flex_2_16,115
TMSB4X,Flex_3_01,102
TMSB4X,Flex_3_02,86
TMSB4X,Flex_3_03,90
TMSB4X,Flex_3_04,110
TMSB4X,Flex_3_05,97
TMSB4X,Flex_3_06,87
TMSB4X,Flex_3_07,93
TMSB4X,Flex_3_08,121
TMSB4X,Flex_3_09,86
TMSB4X,Flex_3_10,120
TMSB4X,Flex_3_11,110
TMSB4X,Flex_3_12,91
TMSB4X,Flex_3_13,104
TMSB4X,Flex_3_14,86
TMSB4X,Flex_3_15,95
TMSB4X,Flex_3_16,91
TRAM2,Flex_1_01,42
TRAM2,Flex_1_02,24
TRAM2,Flex_1_03,30
TRAM2,Flex_1_04,30
TRAM2,Flex_1_05,45
TRAM2,Flex_1_06,44
TRAM2,Flex_1_07,25
TRAM2,Flex_1_08,38
TRAM2,Flex_1_09,29
TRAM2,Flex_1_10,40
TRAM2,Flex_1_11,25
TRAM2,Flex_1_12,35
TRAM2,Flex_1_13,37
TRAM2,Flex_1_14,41
TRAM2,Flex_1_15,29
TRAM2,Flex_1_16,30
TRAM2,Flex_2_01,44
TRAM2,Flex_2_02,30
TRAM2,Flex_2_03,37
TRAM2,Flex_2_04,27
TRAM2,Flex_2_05,31
TRAM2,Flex_2_06,37
TRAM2,Flex_2_07,29
TRAM2,Flex_2_08,35
TRAM2,Flex_2_09,37
TRAM2,Flex_2_10,47
TRAM2,Flex_2_11,50
TRAM2,Flex_2_12,46
TRAM2,Flex_2_13,30
TRAM2,Flex_2_14,42
TRAM2,Flex_2_15,42
TRAM2,Flex_2_16,35
TRAM2,Flex_3_01,29
TRAM2,Flex_3_02,52
TRAM2,Flex_3_03,30
TRAM2,Flex_3_04,40
TRAM2,Flex_3_05,40
TRAM2,Flex_3_06,27
TRAM2,Flex_3_07,46
TRAM2,Flex_3_08,39
TRAM2,Flex_3_09,28
TRAM2,Flex_3_10,35
TRAM2,Flex_3_11,51
TRAM2,Flex_3_12,45
TRAM2,Flex_3_13,38
TRAM2,Flex_3_14,35
TRAM2,Flex_3_15,33
TRAM2,Flex_3_16,45
TWF2,Flex_1_01,19
TWF2,Flex_1_02,23
TWF2,Flex_1_03,23
TWF2,Flex_1_04,20
TWF2,Flex_1_05,12
TWF2,Flex_1_06,13
TWF2,Flex_1_07,26
TWF2,Flex_1_08,14
TWF2,Flex_1_09,15
TWF2,Flex_1_10,19
TWF2,Flex_1_11,28
TWF2,Flex_1_12,25
TWF2,Flex_1_13,17
TWF2,Flex_1_14,26
TWF2,Flex_1_15,26
TWF2,Flex_1_16,17
TWF2,Flex_2_01,21
TWF2,Flex_2_02,26
TWF2,Flex_2_03,20
TWF2,Flex_2_04,25
TWF2,Flex_2_05,15
TWF2,Flex_2_06,20
TWF2,Flex_2_07,19
TWF2,Flex_2_08,23
TWF2,Flex_2_09,19
TWF2,Flex_2_10,13
TWF2,Flex_2_11,30
TWF2,Flex_2_12,15
TWF2,Flex_2_13,19
TWF2,Flex_2_14,16
TWF2,Flex_2_15,21
TWF2,Flex_2_16,20
TWF2,Flex_3_01,28
TWF2,Flex_3_02,24
TWF2,Flex_3_03,13
TWF2,Flex_3_04,26
TWF2,Flex_3_05,20
TWF2,Flex_3_06,21
TWF2,Flex_3_07,14
TWF2,Flex_3_08,21
TWF2,Flex_3_09,18
TWF2,Flex_3_10,31
TWF2,Flex_3_11,24
TWF2,Flex_3_12,33
TWF2,Flex_3_13,22
TWF2,Flex_3_14,20
TWF2,Flex_3_15,23
TWF2,Flex_3_16,25
TXNDC9,Flex_1_01,10
TXNDC9,Flex_1_02,13
TXNDC9,Flex_1_03,6
TXNDC9,Flex_1_04,14
TXNDC9,Flex_1_05,11
TXNDC9,Flex_1_06,4
TXNDC9,Flex_1_07,6
TXNDC9,Flex_1_08,11
TXNDC9,Flex_1_09,7
TXNDC9,Flex_1_10,13
TXNDC9,Flex_1_11,10
TXNDC9,Flex_1_12,10
TXNDC9,Flex_1_13,12
TXNDC9,Flex_1_14,11
TXNDC9,Flex_1_15,11
TXNDC9,Flex_1_16,13
TXNDC9,Flex_2_01,6
TXNDC9,Flex_2_02,7
TXNDC9,Flex_2_03,12
TXNDC9,Flex_2_04,9
TXNDC9,Flex_2_05,10
TXNDC9,Flex_2_06,14
TXNDC9,Flex_2_07,9
TXNDC9,Flex_2_08,10
TXNDC9,Flex_2_09,12
TXNDC9,Flex_2_10,10
TXNDC9,Flex_2_11,8
TXNDC9,Flex_2_12,14
TXNDC9,Flex_2_13,13
TXNDC9,Flex_2_14,12
TXNDC9,Flex_2_15,12
TXNDC9,Flex_2_16,13
TXNDC9,Flex_3_01,13
TXNDC9,Flex_3_02,15
TXNDC9,Flex_3_03,10
TXNDC9,Flex_3_04,11
TXNDC9,Flex_3_05,9
TXNDC9,Flex_3_06,11
TXNDC9,Flex_3_07,7
TXNDC9,Flex_3_08,11
TXNDC9,Flex_3_09,8
TXNDC9,Flex_3_10,9
TXNDC9,Flex_3_11,10
TXNDC9,Flex_3_12,6
TXNDC9,Flex_3_13,14
TXNDC9,Flex_3_14,8
TXNDC9,Flex_3_15,23
TXNDC9,Flex_3_16,16
UBE3C,Flex_1_01,36
UBE3C,Flex_1_02,28
UBE3C,Flex_1_03,28
UBE3C,Flex_1_04,34
UBE3C,Flex_1_05,44
UBE3C,Flex_1_06,32
UBE3C,Flex_1_07,30
UBE3C,Flex_1_08,32
UBE3C,Flex_1_09,25
UBE3C,Flex_1_10,24
UBE3C,Flex_1_11,26
UBE3C,Flex_1_12,26
UBE3C,Flex_1_13,43
UBE3C,Flex_1_14,31
UBE3C,Flex_1_15,31
UBE3C,Flex_1_16,35
UBE3C,Flex_2_01,30
UBE3C,Flex_2_02,25
UBE3C,Flex_2_03,35
UBE3C,Flex_2_04,28
UBE3C,Flex_2_05,44
UBE3C,Flex_2_06,42
UBE3C,Flex_2_07,39
UBE3C,Flex_2_08,23
UBE3C,Flex_2_09,22
UBE3C,Flex_2_10,34
UBE3C,Flex_2_11,31
UBE3C,Flex_2_12,24
UBE3C,Flex_2_13,45
UBE3C,Flex_2_14,34
UBE3C,Flex_2_15,42
UBE3C,Flex_2_16,33
UBE3C,Flex_3_01,36
UBE3C,Flex_3_02,31
UBE3C,Flex_3_03,35
UBE3C,Flex_3_04,27
UBE3C,Flex_3_05,38
UBE3C,Flex_3_06,37
UBE3C,Flex_3_07,29
UBE3C,Flex_3_08,28
UBE3C,Flex_3_09,20
UBE3C,Flex_3_10,46
UBE3C,Flex_3_11,41
UBE3C,Flex_3_12,27
UBE3C,Flex_3_13,40
UBE3C,Flex_3_14,45
UBE3C,Flex_3_15,38
UBE3C,Flex_3_16,36
USP22,Flex_1_01,48
USP22,Flex_1_02,44
USP22,Flex_1_03,44
USP22,Flex_1_04,44
USP22,Flex_1_05,47
USP22,Flex_1_06,59
USP22,Flex_1_07,58
USP22,Flex_1_08,51
USP22,Flex_1_09,37
USP22,Flex_1_10,35
USP22,Flex_1_11,50
USP22,Flex_1_12,46
USP22,Flex_1_13,40
USP22,Flex_1_14,47
USP22,Flex_1_15,50
USP22,Flex_1_16,50
USP22,Flex_2_01,54
USP22,Flex_2_02,44
USP22,Flex_2_03,62
USP22,Flex_2_04,37
USP22,Flex_2_05,62
USP22,Flex_2_06,61
USP22,Flex_2_07,54
USP22,Flex_2_08,48
USP22,Flex_2_09,43
USP22,Flex_2_10,53
USP22,Flex_2_11,56
USP22,Flex_2_12,50
USP22,Flex_2_13,63
USP22,Flex_2_14,57
USP22,Flex_2_15,49
USP22,Flex_2_16,53
USP22,Flex_3_01,64
USP22,Flex_3_02,52
USP22,Flex_3_03,63
USP22,Flex_3_04,61
USP22,Flex_3_05,60
USP22,Flex_3_06,41
USP22,Flex_3_07,55
USP22,Flex_3_08,55
USP22,Flex_3_09,59
USP22,Flex_3_10,56
USP22,Flex_3_11,58
USP22,Flex_3_12,57
USP22,Flex_3_13,46
USP22,Flex_3_14,64
USP22,Flex_3_15,56
USP22,Flex_3_16,48
WFS1,Flex_1_01,46
WFS1,Flex_1_02,40
WFS1,Flex_1_03,47
WFS1,Flex_1_04,27
WFS1,Flex_1_05,40
WFS1,Flex_1_06,47
WFS1,Flex_1_07,34
WFS1,Flex_1_08,36
WFS1,Flex_1_09,30
WFS1,Flex_1_10,39
WFS1,Flex_1_11,34
WFS1,Flex_1_12,49
WFS1,Flex_1_13,41
WFS1,Flex_1_14,37
WFS1,Flex_1_15,50
WFS1,Flex_1_16,31
WFS1,Flex_2_01,36
WFS1,Flex_2_02,49
WFS1,Flex_2_03,41
WFS1,Flex_2_04,41
WFS1,Flex_2_05,36
WFS1,Flex_2_06,42
WFS1,Flex_2_07,50
WFS1,Flex_2_08,41
WFS1,Flex_2_09,38
WFS1,Flex_2_10,45
WFS1,Flex_2_11,37
WFS1,Flex_2_12,38
WFS1,Flex_2_13,38
WFS1,Flex_2_14,38
WFS1,Flex_2_15,53
WFS1,Flex_2_16,45
WFS1,Flex_3_01,37
WFS1,Flex_3_02,37
WFS1,Flex_3_03,51
WFS1,Flex_3_04,48
WFS1,Flex_3_05,40
WFS1,Flex_3_06,53
WFS1,Flex_3_07,48
WFS1,Flex_3_08,45
WFS1,Flex_3_09,51
WFS1,Flex_3_10,45
WFS1,Flex_3_11,42
WFS1,Flex_3_12,60
WFS1,Flex_3_13,50
WFS1,Flex_3_14,54
WFS1,Flex_3_15,47
WFS1,Flex_3_16,39
XRCC4,Flex_1_01,19
XRCC4,Flex_1_02,9
XRCC4,Flex_1_03,12
XRCC4,Flex_1_04,10
XRCC4,Flex_1_05,17
XRCC4,Flex_1_06,13
XRCC4,Flex_1_07,12
XRCC4,Flex_1_08,15
XRCC4,Flex_1_09,6
XRCC4,Flex_1_10,12
XRCC4,Flex_1_11,9
XRCC4,Flex_1_12,5
XRCC4,Flex_1_13,11
XRCC4,Flex_1_14,12
XRCC4,Flex_1_15,15
XRCC4,Flex_1_16,11
XRCC4,Flex_2_01,17
XRCC4,Flex_2_02,14
XRCC4,Flex_2_03,11
XRCC4,Flex_2_04,15
XRCC4,Flex_2_05,10
XRCC4,Flex_2_06,16
XRCC4,Flex_2_07,11
XRCC4,Flex_2_08,14
XRCC4,Flex_2_09,13
XRCC4,Flex_2_10,13
XRCC4,Flex_2_11,11
XRCC4,Flex_2_12,11
XRCC4,Flex_2_13,8
XRCC4,Flex_2_14,14
XRCC4,Flex_2_15,14
XRCC4,Flex_2_16,14
XRCC4,Flex_3_01,10
XRCC4,Flex_3_02,14
XRCC4,Flex_3_03,10
XRCC4,Flex_3_04,14
XRCC4,Flex_3_05,13
XRCC4,Flex_3_06,14
XRCC4,Flex_3_07,14
XRCC4,Flex_3_08,16
XRCC4,Flex_3_09,5
XRCC4,Flex_3_10,10
XRCC4,Flex_3_11,15
XRCC4,Flex_3_12,9
XRCC4,Flex_3_13,15
XRCC4,Flex_3_14,9
XRCC4,Flex_3_15,15
XRCC4,Flex_3_16,14
ZNF562,Flex_1_01,7
ZNF562,Flex_1_02,4
ZNF562,Flex_1_03,10
ZNF562,Flex_1_04,7
ZNF562,Flex_1_05,10
ZNF562,Flex_1_06,7
ZNF562,Flex_1_07,14
ZNF562,Flex_1_08,11
ZNF562,Flex_1_09,6
ZNF562,Flex_1_10,6
ZNF562,Flex_1_11,10
ZNF562,Flex_1_12,7
ZNF562,Flex_1_13,12
ZNF562,Flex_1_14,9
ZNF562,Flex_1_15,8
ZNF562,Flex_1_16,7
ZNF562,Flex_2_01,9
ZNF562,Flex_2_02,5
ZNF562,Flex_2_03,9
ZNF562,Flex_2_04,8
ZNF562,Flex_2_05,8
ZNF562,Flex_2_06,13
ZNF562,Flex_2_07,10
ZNF562,Flex_2_08,7
ZNF562,Flex_2_09,4
ZNF562,Flex_2_10,9
ZNF562,Flex_2_11,9
ZNF562,Flex_2_12,7
ZNF562,Flex_2_13,8
ZNF562,Flex_2_14,8
ZNF562,Flex_2_15,10
ZNF562,Flex_2_16,6
ZNF562,Flex_3_01,15
ZNF562,Flex_3_02,6
ZNF562,Flex_3_03,6
ZNF562,Flex_3_04,9
ZNF562,Flex_3_05,13
ZNF562,Flex_3_06,9
ZNF562,Flex_3_07,11
ZNF562,Flex_3_08,7
ZNF562,Flex_3_09,8
ZNF562,Flex_3_10,7
ZNF562,Flex_3_11,10
ZNF562,Flex_3_12,7
ZNF562,Flex_3_13,13
ZNF562,Flex_3_14,9
ZNF562,Flex_3_15,12
ZNF562,Flex_3_16,11
ZNF714,Flex_1_01,22
ZNF714,Flex_1_02,18
ZNF714,Flex_1_03,18
ZNF714,Flex_1_04,23
ZNF714,Flex_1_05,12
ZNF714,Flex_1_06,12
ZNF714,Flex_1_07,17
ZNF714,Flex_1_08,14
ZNF714,Flex_1_09,14
ZNF714,Flex_1_10,18
ZNF714,Flex_1_11,23
ZNF714,Flex_1_12,15
ZNF714,Flex_1_13,16
ZNF714,Flex_1_14,19
ZNF714,Flex_1_15,21
ZNF714,Flex_1_16,12
ZNF714,Flex_2_01,10
ZNF714,Flex_2_02,21
ZNF714,Flex_2_03,16
ZNF714,Flex_2_04,15
ZNF714,Flex_2_05,22
ZNF714,Flex_2_06,14
ZNF714,Flex_2_07,15
ZNF714,Flex_2_08,16
ZNF714,Flex_2_09,23
ZNF714,Flex_2_10,14
ZNF714,Flex_2_11,15
ZNF714,Flex_2_12,20
ZNF714,Flex_2_13,14
ZNF714,Flex_2_14,18
ZNF714,Flex_2_15,16
ZNF714,Flex_2_16,22
ZNF714,Flex_3_01,19
ZNF714,Flex_3_02,17
ZNF714,Flex_3_03,22
ZNF714,Flex_3_04,17
ZNF714,Flex_3_05,21
ZNF714,Flex_3_06,24
ZNF714,Flex_3_07,19
ZNF714,Flex_3_08,16
ZNF714,Flex_3_09,22
ZNF714,Flex_3_10,23
ZNF714,Flex_3_11,22
ZNF714,Flex_3_12,14
ZNF714,Flex_3_13,18
ZNF714,Flex_3_14,19
ZNF714,Flex_3_15,20
ZNF714,Flex_3_16,14
non-targeting,Flex_1_01,749
non-targeting,Flex_1_02,733
non-targeting,Flex_1_03,765
non-targeting,Flex_1_04,771
non-targeting,Flex_1_05,775
non-targeting,Flex_1_06,779
non-targeting,Flex_1_07,735
non-targeting,Flex_1_08,767
non-targeting,Flex_1_09,709
non-targeting,Flex_1_10,793
non-targeting,Flex_1_11,765
non-targeting,Flex_1_12,753
non-targeting,Flex_1_13,797
non-targeting,Flex_1_14,780
non-targeting,Flex_1_15,838
non-targeting,Flex_1_16,730
non-targeting,Flex_2_01,770
non-targeting,Flex_2_02,713
non-targeting,Flex_2_03,757
non-targeting,Flex_2_04,825
non-targeting,Flex_2_05,769
non-targeting,Flex_2_06,771
non-targeting,Flex_2_07,793
non-targeting,Flex_2_08,810
non-targeting,Flex_2_09,816
non-targeting,Flex_2_10,785
non-targeting,Flex_2_11,780
non-targeting,Flex_2_12,707
non-targeting,Flex_2_13,782
non-targeting,Flex_2_14,833
non-targeting,Flex_2_15,791
non-targeting,Flex_2_16,808
non-targeting,Flex_3_01,768
non-targeting,Flex_3_02,897
non-targeting,Flex_3_03,854
non-targeting,Flex_3_04,855
non-targeting,Flex_3_05,805
non-targeting,Flex_3_06,868
non-targeting,Flex_3_07,875
non-targeting,Flex_3_08,816
non-targeting,Flex_3_09,807
non-targeting,Flex_3_10,879
non-targeting,Flex_3_11,845
non-targeting,Flex_3_12,784
non-targeting,Flex_3_13,858
non-targeting,Flex_3_14,845
non-targeting,Flex_3_15,865
non-targeting,Flex_3_16,806
